dept_0_score,dept_1_score,dept_2_score,dept_3_score,dept_4_score,dept_0_label,dept_1_label,dept_2_label,dept_3_label,dept_4_label
0.40119436,0.38216084,0.6805542,0.45845813,0.25319853,0.0,0.0,0.0,0.0,1.0
0.47115037,0.32824296,0.61276996,0.62303925,0.36423257,1.0,0.0,1.0,1.0,0.0
0.42545354,0.5065434,0.47618866,0.46315134,0.4660317,0.0,1.0,0.0,0.0,1.0
0.504716,0.5393552,0.45570666,0.5344045,0.47331014,0.0,0.0,1.0,1.0,1.0
0.4819593,0.58304703,0.37515512,0.44295812,0.4621461,0.0,1.0,0.0,1.0,1.0
0.52970785,0.5029033,0.51197433,0.4768629,0.39801422,0.0,1.0,1.0,0.0,0.0
0.47720212,0.37635154,0.614548,0.4536994,0.461418,0.0,1.0,1.0,0.0,0.0
0.39388084,0.51290303,0.5316793,0.55163044,0.46084517,0.0,1.0,0.0,0.0,0.0
0.45310947,0.34580076,0.6506693,0.6107803,0.38663194,1.0,1.0,0.0,1.0,0.0
0.43621546,0.6123404,0.3557594,0.2603526,0.48047704,1.0,0.0,1.0,0.0,0.0
0.43264547,0.29179224,0.7397696,0.5910898,0.18692252,1.0,0.0,1.0,1.0,0.0
0.39221603,0.45760596,0.5863379,0.37626204,0.3510467,0.0,1.0,1.0,1.0,0.0
0.40906188,0.27710542,0.712437,0.4668835,0.21398264,1.0,0.0,0.0,0.0,0.0
0.49954206,0.47288483,0.5289675,0.51606923,0.46830595,1.0,0.0,1.0,1.0,0.0
0.37567434,0.33482286,0.733488,0.52907044,0.2887737,0.0,0.0,0.0,1.0,0.0
0.35529345,0.33235326,0.6204151,0.37829667,0.29134977,0.0,0.0,1.0,0.0,1.0
0.3489976,0.43094525,0.5992141,0.30152565,0.37514687,0.0,0.0,1.0,0.0,0.0
0.47026142,0.52488416,0.46619642,0.5326383,0.51777023,0.0,1.0,1.0,0.0,1.0
0.51765126,0.56873137,0.49648842,0.6977157,0.50920576,0.0,0.0,1.0,0.0,0.0
0.486975,0.47345823,0.5269788,0.5960466,0.4689234,1.0,0.0,0.0,1.0,0.0
0.41042623,0.2712542,0.724897,0.6248976,0.22448972,1.0,0.0,1.0,0.0,1.0
0.49603087,0.3824281,0.5606968,0.66645676,0.4705346,1.0,1.0,0.0,0.0,0.0
0.49747485,0.4431548,0.53384763,0.42029062,0.4088681,0.0,0.0,1.0,0.0,1.0
0.35267845,0.38153538,0.656525,0.57318974,0.30895162,0.0,0.0,1.0,0.0,0.0
0.5301248,0.4048666,0.49431986,0.42376208,0.4296546,0.0,0.0,1.0,0.0,1.0
0.4078281,0.66048145,0.31127125,0.41743863,0.6962973,1.0,1.0,0.0,1.0,1.0
0.4876742,0.46746108,0.5494823,0.32355624,0.38542503,1.0,0.0,1.0,0.0,1.0
0.44003874,0.5062837,0.46148866,0.33378312,0.4739228,0.0,1.0,1.0,0.0,0.0
0.57953465,0.54865867,0.4567159,0.6205762,0.52585673,1.0,1.0,1.0,0.0,1.0
0.50184745,0.54370236,0.39838168,0.41029942,0.5498375,1.0,0.0,1.0,0.0,1.0
0.39446336,0.42290196,0.54623663,0.51302296,0.4442696,0.0,1.0,0.0,0.0,0.0
0.46187612,0.5225104,0.4739684,0.37585047,0.39261132,0.0,0.0,0.0,1.0,0.0
0.57566434,0.30606452,0.6953852,0.7411768,0.31070969,1.0,0.0,1.0,1.0,0.0
0.42977768,0.24119851,0.8114913,0.60060656,0.13755457,1.0,0.0,1.0,0.0,1.0
0.42124698,0.4517014,0.6112887,0.42800894,0.4151618,0.0,1.0,1.0,1.0,1.0
0.45434514,0.6285479,0.3900722,0.3487398,0.5591938,1.0,0.0,1.0,1.0,0.0
0.5325067,0.4542399,0.59172773,0.600085,0.42840776,0.0,1.0,1.0,0.0,0.0
0.40391225,0.38953954,0.61995214,0.68438196,0.34763524,1.0,1.0,0.0,1.0,0.0
0.5497812,0.29748788,0.6653859,0.6654468,0.3718952,0.0,1.0,1.0,1.0,0.0
0.5059558,0.3845468,0.5407428,0.57329834,0.4557181,0.0,0.0,1.0,1.0,0.0
0.42461625,0.4818767,0.5123687,0.28407148,0.40389454,1.0,0.0,0.0,0.0,1.0
0.35575986,0.44929147,0.5606198,0.41122797,0.4036349,0.0,0.0,1.0,1.0,1.0
0.34989563,0.53202003,0.39802077,0.25407672,0.58054554,1.0,1.0,0.0,1.0,0.0
0.31698555,0.49729335,0.54332876,0.33951145,0.37694052,1.0,1.0,0.0,1.0,0.0
0.37704638,0.58499783,0.429481,0.57236195,0.6094387,0.0,1.0,0.0,1.0,1.0
0.43358603,0.4287278,0.5982364,0.40066722,0.3809748,1.0,0.0,0.0,1.0,1.0
0.45072845,0.4111895,0.59005755,0.5072586,0.30052212,1.0,1.0,0.0,0.0,1.0
0.44743696,0.6634207,0.28532398,0.20678703,0.636801,0.0,0.0,1.0,0.0,1.0
0.58561015,0.29413307,0.6797523,0.66789156,0.36628824,1.0,1.0,0.0,0.0,0.0
0.5019702,0.43488634,0.561607,0.50309175,0.36001286,0.0,1.0,0.0,1.0,1.0
0.5155693,0.44848332,0.5455272,0.45652893,0.46594846,0.0,0.0,1.0,1.0,1.0
0.41397414,0.6096672,0.37024835,0.5718948,0.6450884,0.0,0.0,1.0,1.0,0.0
0.52352184,0.50638974,0.46295252,0.5537153,0.5027475,0.0,1.0,0.0,1.0,1.0
0.55213094,0.3816311,0.5392593,0.61682993,0.43313947,1.0,1.0,0.0,1.0,1.0
0.46502095,0.41737416,0.65685177,0.4903186,0.28776774,0.0,1.0,0.0,0.0,0.0
0.6448926,0.44622806,0.43030295,0.40488428,0.46980292,1.0,1.0,0.0,0.0,0.0
0.48599082,0.44060522,0.50481784,0.4103608,0.47346672,1.0,1.0,0.0,1.0,1.0
0.46153995,0.35709444,0.6363599,0.5736452,0.44390732,1.0,1.0,1.0,0.0,1.0
0.38278553,0.39058375,0.6149629,0.59071475,0.4062966,1.0,1.0,0.0,0.0,0.0
0.5475582,0.3338809,0.65976703,0.59101576,0.32936504,0.0,1.0,0.0,0.0,0.0
0.39806446,0.46943694,0.5762389,0.45955214,0.43590745,0.0,1.0,0.0,1.0,0.0
0.47009277,0.41631556,0.5804573,0.40862846,0.36330843,0.0,0.0,0.0,0.0,1.0
0.38332036,0.3128969,0.66516536,0.47186583,0.35499945,1.0,0.0,1.0,1.0,0.0
0.44000837,0.5137331,0.42861983,0.5257576,0.4741428,1.0,1.0,0.0,1.0,1.0
0.4565613,0.56724524,0.41857567,0.330938,0.49361885,0.0,1.0,1.0,0.0,0.0
0.45898056,0.37838805,0.6849036,0.5520565,0.29867145,0.0,0.0,1.0,0.0,1.0
0.3512827,0.3081645,0.7899768,0.590333,0.27762517,0.0,0.0,0.0,1.0,1.0
0.3909693,0.6366114,0.35474128,0.3250401,0.62310183,0.0,1.0,1.0,0.0,1.0
0.43953407,0.43956143,0.55138916,0.32741693,0.35693246,1.0,1.0,0.0,0.0,1.0
0.43115368,0.41492832,0.6102321,0.32453838,0.3046211,1.0,0.0,0.0,0.0,0.0
0.51355624,0.2992212,0.6768148,0.5523985,0.24225515,1.0,1.0,1.0,1.0,1.0
0.5302551,0.44211236,0.49077883,0.5053827,0.43863177,0.0,1.0,1.0,1.0,0.0
0.53783536,0.58934176,0.33614534,0.29086027,0.6025021,1.0,1.0,1.0,0.0,1.0
0.47725007,0.49562618,0.4943752,0.28403634,0.43754274,0.0,0.0,1.0,0.0,1.0
0.45359474,0.30979124,0.69972926,0.4596144,0.24365109,1.0,1.0,0.0,1.0,0.0
0.4854223,0.46744853,0.53703135,0.30226964,0.44780838,1.0,1.0,1.0,1.0,1.0
0.407031,0.30902702,0.72292817,0.5452449,0.24542971,1.0,0.0,1.0,0.0,1.0
0.53148377,0.5364377,0.4681453,0.6157028,0.52663195,1.0,0.0,0.0,0.0,0.0
0.38303488,0.4389179,0.5875389,0.29567066,0.31202877,0.0,0.0,1.0,1.0,0.0
0.5146469,0.4342748,0.5365982,0.46201017,0.39258143,1.0,1.0,1.0,0.0,0.0
0.48740396,0.31518686,0.73366827,0.6390868,0.19298029,0.0,1.0,1.0,0.0,1.0
0.4448459,0.5439077,0.50803035,0.6122901,0.55669224,0.0,1.0,0.0,0.0,0.0
0.4259069,0.3162592,0.69610876,0.55737,0.3747099,1.0,0.0,1.0,0.0,1.0
0.39821994,0.49370536,0.4547866,0.2845288,0.49948543,1.0,1.0,0.0,0.0,0.0
0.4558871,0.49598205,0.4861015,0.3782058,0.38705584,0.0,0.0,1.0,1.0,1.0
0.47843343,0.49453923,0.48915425,0.3308495,0.46052817,0.0,1.0,0.0,1.0,1.0
0.525938,0.35192364,0.6455836,0.4170023,0.30610895,1.0,0.0,0.0,1.0,1.0
0.44432533,0.44928423,0.55909485,0.4413541,0.36723745,1.0,1.0,0.0,0.0,1.0
0.36402813,0.27102137,0.78272223,0.55583465,0.20137385,0.0,1.0,0.0,1.0,0.0
0.4423452,0.32386214,0.6678294,0.5050252,0.31857303,1.0,0.0,1.0,0.0,0.0
0.5137284,0.5625847,0.3505101,0.33472282,0.51500237,1.0,0.0,1.0,0.0,1.0
0.3560816,0.45965564,0.5319131,0.36349344,0.45013183,0.0,1.0,1.0,1.0,1.0
0.56463474,0.53657705,0.34066918,0.3457402,0.61484545,0.0,0.0,0.0,0.0,0.0
0.41902494,0.41646966,0.5404714,0.34551623,0.36489943,0.0,1.0,0.0,0.0,0.0
0.4792559,0.3415246,0.6931596,0.4591466,0.25322604,0.0,0.0,0.0,0.0,1.0
0.45369652,0.45361364,0.5460117,0.40213892,0.38659644,0.0,0.0,1.0,0.0,1.0
0.44640076,0.4681552,0.5030504,0.47002944,0.43234035,1.0,0.0,0.0,0.0,1.0
0.4428421,0.5371354,0.39097545,0.40759966,0.5617914,0.0,0.0,1.0,0.0,0.0
0.4024364,0.4941697,0.47656438,0.29572698,0.44401488,1.0,1.0,1.0,0.0,1.0
0.46810457,0.61941177,0.3716139,0.35378963,0.58280826,1.0,1.0,0.0,1.0,0.0
0.4238858,0.4883139,0.451029,0.32513502,0.43473056,1.0,0.0,1.0,1.0,0.0
0.54544485,0.42992967,0.54183996,0.5662033,0.44200295,0.0,0.0,0.0,1.0,0.0
0.40764767,0.4635603,0.57170385,0.5014063,0.37058565,1.0,1.0,1.0,0.0,1.0
0.40219998,0.36981753,0.6958026,0.6586454,0.33377352,1.0,0.0,1.0,0.0,0.0
0.3821265,0.41467524,0.62006485,0.44350243,0.39512485,0.0,0.0,0.0,0.0,1.0
0.52333975,0.5299214,0.4843173,0.45513016,0.4233781,1.0,0.0,0.0,0.0,1.0
0.38892698,0.4478361,0.530705,0.33880568,0.41442415,1.0,1.0,1.0,0.0,0.0
0.50146586,0.43009174,0.55990416,0.4546602,0.40112263,0.0,0.0,0.0,1.0,1.0
0.44736388,0.39348742,0.6791778,0.6845733,0.34346607,0.0,0.0,0.0,0.0,1.0
0.4588191,0.27339536,0.6935725,0.52467483,0.30525252,0.0,1.0,0.0,0.0,1.0
0.45783883,0.2785394,0.7473848,0.71469843,0.27089623,0.0,1.0,1.0,0.0,0.0
0.34949848,0.5220789,0.4660347,0.4226457,0.48475042,1.0,1.0,1.0,1.0,1.0
0.44808206,0.3651485,0.6973057,0.7005698,0.34498808,0.0,1.0,1.0,0.0,1.0
0.542688,0.42137343,0.5135651,0.5434632,0.46401325,0.0,1.0,0.0,0.0,1.0
0.4895053,0.4100654,0.5587832,0.6820449,0.4760338,1.0,1.0,1.0,1.0,1.0
0.32542703,0.33140954,0.6771407,0.3618384,0.30217654,1.0,0.0,1.0,0.0,1.0
0.43659005,0.3409943,0.70953256,0.574252,0.32711756,0.0,1.0,1.0,1.0,0.0
0.5460213,0.4929322,0.46962643,0.5070629,0.52533877,1.0,1.0,1.0,0.0,0.0
0.41777265,0.4067607,0.6502099,0.52931666,0.39716735,0.0,1.0,0.0,0.0,0.0
0.37696767,0.42586556,0.57429,0.51880956,0.39516175,0.0,1.0,1.0,0.0,0.0
0.31803477,0.34839424,0.6414181,0.31534457,0.295258,0.0,1.0,1.0,0.0,1.0
0.44565022,0.4034596,0.5953305,0.3554383,0.37659085,1.0,0.0,0.0,1.0,0.0
0.46979854,0.49937302,0.49946198,0.48367235,0.43678805,1.0,1.0,0.0,1.0,0.0
0.48635656,0.41087556,0.545958,0.36673066,0.47168308,1.0,1.0,1.0,1.0,0.0
0.42997062,0.32298198,0.6978739,0.51113075,0.33761972,1.0,1.0,1.0,1.0,0.0
0.40302503,0.51663625,0.517903,0.4517499,0.4469863,0.0,0.0,0.0,0.0,0.0
0.5206141,0.5256131,0.43569997,0.26608363,0.48983085,0.0,1.0,1.0,0.0,1.0
0.49066,0.62058705,0.27089387,0.28576702,0.6660229,1.0,1.0,1.0,1.0,0.0
0.5357998,0.38646206,0.6365036,0.62775564,0.33718508,0.0,1.0,1.0,0.0,0.0
0.48952276,0.40936413,0.528351,0.3833693,0.3733232,0.0,0.0,1.0,0.0,0.0
0.56780785,0.34944904,0.678024,0.79370236,0.41201434,1.0,1.0,1.0,0.0,0.0
0.48366576,0.3861222,0.5755142,0.59418035,0.4191837,0.0,0.0,0.0,1.0,1.0
0.4088931,0.3869251,0.65096366,0.4449444,0.39286298,0.0,1.0,1.0,0.0,1.0
0.3698171,0.5444624,0.49331695,0.47581148,0.5519918,1.0,1.0,1.0,0.0,1.0
0.49455726,0.5141321,0.40457702,0.4258122,0.52824414,1.0,1.0,0.0,1.0,1.0
0.400168,0.41417417,0.5775763,0.5331645,0.43087655,1.0,0.0,0.0,0.0,0.0
0.46638513,0.25038177,0.7955712,0.7952673,0.20498927,1.0,0.0,0.0,1.0,1.0
0.42855555,0.46060568,0.46916005,0.5380163,0.56069106,0.0,0.0,0.0,1.0,0.0
0.30104667,0.366837,0.6836862,0.37699547,0.32616356,1.0,1.0,1.0,1.0,0.0
0.4177478,0.38071054,0.57568073,0.3299265,0.3281817,0.0,0.0,1.0,0.0,0.0
0.500388,0.3765323,0.68406284,0.40925953,0.21489903,1.0,1.0,1.0,0.0,0.0
0.39907125,0.62083775,0.34176624,0.25103965,0.58073294,0.0,0.0,1.0,0.0,0.0
0.53702027,0.5511774,0.39426994,0.4321119,0.52455425,1.0,0.0,1.0,1.0,0.0
0.3942886,0.42483243,0.5990395,0.48545972,0.36173886,0.0,0.0,0.0,1.0,0.0
0.3807619,0.39281952,0.63264483,0.3894982,0.2838674,1.0,1.0,1.0,0.0,1.0
0.47159466,0.32621402,0.7247563,0.68705964,0.3506016,1.0,1.0,1.0,1.0,1.0
0.4835652,0.3550923,0.73087096,0.5226287,0.20907196,0.0,1.0,1.0,1.0,0.0
0.4462396,0.5421752,0.450306,0.53818476,0.55650824,1.0,0.0,1.0,1.0,0.0
0.47200528,0.49676034,0.48271373,0.41993865,0.50290084,1.0,0.0,1.0,1.0,1.0
0.47420248,0.20165196,0.7985758,0.7641077,0.22375736,0.0,0.0,1.0,0.0,1.0
0.5114728,0.46133646,0.57836616,0.5965382,0.37650278,0.0,0.0,0.0,0.0,1.0
0.4478171,0.43468714,0.5390548,0.4621397,0.4223719,1.0,1.0,1.0,0.0,1.0
0.39133555,0.41481262,0.6096732,0.26851952,0.3082276,1.0,0.0,0.0,1.0,1.0
0.44486833,0.2995412,0.7261106,0.54074335,0.27813292,0.0,0.0,1.0,0.0,1.0
0.48154232,0.42565203,0.63274425,0.5334865,0.32174027,0.0,0.0,0.0,0.0,1.0
0.50027406,0.5979216,0.3437793,0.4708672,0.53218096,1.0,1.0,0.0,0.0,0.0
0.44683686,0.5133433,0.4877801,0.37204623,0.5025001,0.0,1.0,0.0,1.0,0.0
0.45429775,0.3502455,0.6446009,0.49227798,0.30569643,0.0,0.0,1.0,1.0,0.0
0.4973912,0.337002,0.6758481,0.6061893,0.25393367,1.0,0.0,0.0,1.0,1.0
0.48774117,0.41005993,0.60165745,0.50214666,0.4095597,1.0,0.0,0.0,0.0,1.0
0.44646767,0.49055016,0.624868,0.581314,0.3493086,0.0,1.0,0.0,0.0,0.0
0.5326104,0.5234101,0.46616048,0.6199989,0.44692075,0.0,0.0,1.0,1.0,1.0
0.3787353,0.3550595,0.6401462,0.48744452,0.36712694,1.0,1.0,1.0,0.0,0.0
0.5044781,0.38793236,0.5727754,0.50195116,0.44649905,1.0,0.0,1.0,1.0,1.0
0.5104187,0.52778345,0.4239702,0.4561415,0.5183013,1.0,0.0,1.0,0.0,0.0
0.47914696,0.3772863,0.5895769,0.2765325,0.32406908,1.0,1.0,0.0,1.0,1.0
0.39788565,0.40537703,0.56411326,0.4534924,0.44942936,1.0,1.0,0.0,0.0,1.0
0.48799473,0.53596294,0.45296678,0.47235042,0.59927773,1.0,0.0,1.0,0.0,1.0
0.43144867,0.3825211,0.6624077,0.593243,0.4389088,0.0,1.0,1.0,1.0,0.0
0.4238378,0.4439833,0.5958977,0.49362734,0.3844222,1.0,0.0,1.0,1.0,0.0
0.41765523,0.38009354,0.6766669,0.4650886,0.3514146,0.0,0.0,0.0,1.0,0.0
0.5459586,0.3137865,0.70124716,0.55724806,0.24248473,0.0,0.0,1.0,0.0,1.0
0.4027979,0.4900938,0.5586311,0.6435869,0.41572118,0.0,1.0,0.0,0.0,1.0
0.4481476,0.5565749,0.4169892,0.48874363,0.56721956,0.0,1.0,0.0,1.0,1.0
0.40893292,0.22694722,0.82012373,0.63545567,0.1289541,0.0,1.0,0.0,0.0,1.0
0.4601482,0.5649236,0.39901543,0.23860383,0.41689798,1.0,0.0,0.0,1.0,1.0
0.5138212,0.39663342,0.5585628,0.4698438,0.38842717,1.0,1.0,1.0,1.0,0.0
0.45557168,0.58313286,0.36728877,0.29189104,0.5593971,1.0,1.0,0.0,0.0,0.0
0.4715839,0.55959094,0.47267017,0.5077854,0.4507144,1.0,0.0,1.0,0.0,1.0
0.5128507,0.47742602,0.5371965,0.5413682,0.41969997,1.0,1.0,0.0,1.0,0.0
0.3734293,0.29687122,0.73214716,0.61828715,0.35861158,1.0,0.0,0.0,0.0,0.0
0.40704665,0.5419072,0.445433,0.28501028,0.49927518,1.0,0.0,0.0,1.0,1.0
0.52559966,0.4057696,0.5928095,0.52156746,0.36633754,0.0,1.0,0.0,0.0,1.0
0.4674588,0.5202818,0.47073543,0.19946188,0.39429653,0.0,0.0,1.0,1.0,1.0
0.3309537,0.37982905,0.67775965,0.4115354,0.34732556,1.0,1.0,0.0,0.0,0.0
0.3121107,0.36322185,0.6671652,0.4786958,0.2985251,0.0,0.0,0.0,0.0,0.0
0.42313597,0.39109975,0.6501913,0.49017376,0.36481643,1.0,1.0,1.0,1.0,0.0
0.3926914,0.47603944,0.4549264,0.38273054,0.5400559,0.0,1.0,1.0,0.0,0.0
0.4453944,0.52916676,0.41375446,0.5724579,0.5654265,0.0,1.0,0.0,0.0,1.0
0.37644866,0.46576783,0.54005194,0.4561209,0.35011855,1.0,0.0,0.0,0.0,0.0
0.46582022,0.36677068,0.6404441,0.5356306,0.31998813,1.0,1.0,0.0,0.0,1.0
0.5192486,0.5333399,0.5025252,0.47605094,0.48412186,0.0,1.0,1.0,1.0,0.0
0.4804645,0.42601362,0.5650722,0.3912747,0.37474746,1.0,1.0,1.0,0.0,0.0
0.4915607,0.64290446,0.37663895,0.37053564,0.6276046,0.0,1.0,1.0,1.0,0.0
0.5206857,0.39918983,0.56576616,0.4400669,0.38839528,0.0,1.0,1.0,0.0,0.0
0.43673038,0.5303148,0.434265,0.48799768,0.5062476,0.0,1.0,1.0,1.0,1.0
0.36157984,0.48553997,0.60186195,0.4634275,0.41324496,0.0,1.0,0.0,1.0,1.0
0.46201202,0.42508504,0.6051385,0.5240604,0.3654437,0.0,0.0,0.0,0.0,1.0
0.51869935,0.5515875,0.43935323,0.59446937,0.57529974,1.0,0.0,1.0,0.0,1.0
0.4088167,0.48746774,0.5133101,0.4349409,0.44262058,0.0,1.0,0.0,1.0,1.0
0.5500161,0.51547056,0.42697263,0.52380025,0.47557497,0.0,0.0,0.0,0.0,0.0
0.4940028,0.48659015,0.5111107,0.48586372,0.49571756,0.0,0.0,0.0,0.0,0.0
0.3947928,0.41978973,0.57990235,0.5215414,0.39604536,0.0,1.0,0.0,1.0,1.0
0.40942684,0.5029471,0.5429209,0.4889261,0.5069378,0.0,0.0,1.0,0.0,1.0
0.38709724,0.4075957,0.69679093,0.6630748,0.28416204,1.0,0.0,0.0,1.0,1.0
0.39768982,0.46181574,0.52944016,0.37897176,0.42428768,1.0,0.0,0.0,1.0,1.0
0.40053627,0.3350692,0.644605,0.35201243,0.3559843,0.0,1.0,1.0,0.0,1.0
0.4432895,0.55125374,0.47116274,0.42517534,0.5637414,1.0,1.0,1.0,0.0,1.0
0.44736814,0.36935565,0.6592676,0.46041358,0.2784918,0.0,1.0,0.0,0.0,1.0
0.40490836,0.29493958,0.6936855,0.42485848,0.2890419,1.0,0.0,1.0,1.0,0.0
0.4978458,0.3023968,0.67483354,0.60789764,0.3971453,0.0,0.0,0.0,0.0,0.0
0.502638,0.48163146,0.5022488,0.4751421,0.44219485,1.0,1.0,0.0,1.0,0.0
0.3925869,0.47242382,0.53712744,0.5128024,0.43464065,1.0,1.0,0.0,1.0,0.0
0.54740953,0.49358946,0.5030669,0.42417488,0.45488593,0.0,1.0,1.0,0.0,1.0
0.46677604,0.3083958,0.6631489,0.48004457,0.33394912,0.0,1.0,1.0,1.0,1.0
0.49803135,0.4500913,0.5497543,0.4896562,0.41347274,1.0,0.0,0.0,1.0,1.0
0.43141323,0.41705412,0.65698576,0.5928525,0.32928714,0.0,0.0,1.0,1.0,0.0
0.40260103,0.63468444,0.35025692,0.25989327,0.5311534,1.0,0.0,1.0,0.0,0.0
0.49580288,0.46280968,0.539929,0.67076087,0.42931056,0.0,1.0,0.0,1.0,1.0
0.3828467,0.38014972,0.6952932,0.41238755,0.29286137,0.0,1.0,1.0,1.0,0.0
0.4664552,0.44240096,0.60590273,0.39087263,0.35247728,1.0,1.0,0.0,0.0,0.0
0.31050912,0.41478494,0.6425481,0.40762794,0.33792162,0.0,0.0,0.0,0.0,0.0
0.43182445,0.31836268,0.67224914,0.5297157,0.2860575,1.0,0.0,0.0,0.0,0.0
0.4456767,0.6230545,0.36068386,0.28186196,0.47126788,0.0,1.0,1.0,1.0,0.0
0.50749016,0.3503904,0.70952606,0.5788401,0.26215625,0.0,1.0,0.0,1.0,1.0
0.44158888,0.36010414,0.61184305,0.35795513,0.39474002,1.0,0.0,0.0,0.0,0.0
0.49602604,0.4790977,0.5032961,0.4828199,0.46229702,0.0,0.0,1.0,0.0,1.0
0.4226199,0.36859536,0.6297727,0.5487886,0.39445537,1.0,1.0,0.0,1.0,0.0
0.43372062,0.33122644,0.66307855,0.58050567,0.30862942,1.0,1.0,1.0,1.0,0.0
0.45973787,0.41330466,0.5892859,0.5058546,0.348534,1.0,1.0,0.0,1.0,0.0
0.46770108,0.4514096,0.6060115,0.34855098,0.34956634,0.0,0.0,0.0,0.0,0.0
0.48845357,0.50054663,0.5371231,0.47067726,0.43261933,1.0,1.0,1.0,0.0,0.0
0.43839428,0.45701984,0.43087363,0.4947361,0.5261152,0.0,1.0,1.0,0.0,0.0
0.37616926,0.58209735,0.356293,0.25816473,0.5799181,0.0,1.0,0.0,0.0,1.0
0.4364952,0.48779565,0.5062594,0.37102178,0.4445243,0.0,1.0,0.0,1.0,0.0
0.38822973,0.5942359,0.4052741,0.29739642,0.62712544,0.0,0.0,1.0,0.0,0.0
0.42878145,0.46889466,0.47779062,0.27873582,0.41217366,1.0,1.0,1.0,1.0,0.0
0.44576883,0.43623966,0.5100192,0.31949916,0.39219326,0.0,1.0,0.0,0.0,0.0
0.42964944,0.32422596,0.66857195,0.4577887,0.31108934,0.0,0.0,1.0,0.0,0.0
0.5484469,0.6215938,0.34280774,0.36755627,0.5734028,1.0,0.0,1.0,1.0,0.0
0.5029943,0.36372843,0.58031684,0.41026592,0.39957222,1.0,0.0,1.0,1.0,1.0
0.36787403,0.41855854,0.611684,0.3813296,0.29686996,0.0,0.0,0.0,1.0,1.0
0.4996239,0.47315454,0.4868521,0.5245812,0.4675254,1.0,0.0,0.0,0.0,0.0
0.5323366,0.41503435,0.60554314,0.6072082,0.3828254,0.0,0.0,1.0,1.0,0.0
0.45242748,0.43022227,0.60824645,0.45465752,0.45935476,0.0,1.0,0.0,0.0,1.0
0.47295788,0.30268294,0.6774305,0.4584502,0.31332695,1.0,0.0,0.0,0.0,0.0
0.35781392,0.5124306,0.5316435,0.45524457,0.50035745,1.0,1.0,0.0,1.0,0.0
0.41907,0.27218553,0.7334692,0.65716505,0.35404286,0.0,0.0,1.0,1.0,0.0
0.49541673,0.44323632,0.56392556,0.35455546,0.3777699,1.0,0.0,1.0,0.0,0.0
0.4564717,0.22711667,0.7483459,0.48385832,0.24853022,0.0,0.0,1.0,1.0,1.0
0.56538206,0.47317952,0.5011848,0.5442919,0.5314359,0.0,0.0,0.0,1.0,1.0
0.38965124,0.42114565,0.62199354,0.6890579,0.44543967,0.0,1.0,1.0,0.0,0.0
0.43752736,0.4374952,0.5609219,0.3714286,0.4544505,0.0,1.0,0.0,0.0,0.0
0.4395085,0.42511934,0.6048836,0.6322692,0.3868923,1.0,1.0,1.0,1.0,0.0
0.47491178,0.4817727,0.49913165,0.321601,0.43747523,1.0,1.0,0.0,0.0,0.0
0.3235623,0.5069791,0.55208105,0.33906543,0.424474,0.0,0.0,0.0,0.0,0.0
0.53511274,0.34526053,0.67895776,0.7348373,0.43535888,0.0,1.0,0.0,0.0,0.0
0.38747144,0.43524367,0.66930336,0.40474284,0.3002972,0.0,0.0,1.0,0.0,0.0
0.43869853,0.47005135,0.53778505,0.47699437,0.3538178,0.0,0.0,1.0,0.0,0.0
0.44743904,0.6138319,0.43790627,0.47512808,0.5532013,0.0,0.0,0.0,1.0,0.0
0.5077102,0.6055802,0.31083205,0.32163918,0.68448305,1.0,0.0,1.0,0.0,0.0
0.517387,0.32883412,0.70883816,0.5540692,0.2698788,1.0,0.0,1.0,0.0,0.0
0.5494432,0.35347974,0.6806368,0.6584219,0.37169847,1.0,0.0,1.0,0.0,1.0
0.45582953,0.413109,0.57163525,0.38771155,0.39827046,1.0,0.0,1.0,1.0,1.0
0.5098443,0.44968194,0.5690623,0.42635155,0.4516299,1.0,1.0,1.0,1.0,1.0
0.3933032,0.34424695,0.6673116,0.7152512,0.36109325,0.0,0.0,0.0,0.0,1.0
0.4151687,0.46057206,0.52113193,0.41890517,0.42472515,1.0,1.0,1.0,0.0,1.0
0.43765488,0.5994051,0.40183806,0.2573247,0.61906415,0.0,0.0,0.0,1.0,1.0
0.41152823,0.57917786,0.41440126,0.33517414,0.512221,0.0,1.0,0.0,0.0,1.0
0.3743921,0.41777626,0.65040666,0.56474006,0.33863014,0.0,0.0,0.0,0.0,1.0
0.53186524,0.4001054,0.613157,0.6466454,0.34085047,0.0,1.0,1.0,0.0,0.0
0.45395273,0.3976546,0.52524537,0.3986716,0.5552298,0.0,1.0,1.0,1.0,0.0
0.51071423,0.46174073,0.56534415,0.6021871,0.44095212,0.0,0.0,1.0,0.0,1.0
0.54241866,0.45765305,0.53219825,0.66120756,0.4594096,0.0,0.0,1.0,1.0,0.0
0.37281808,0.47697374,0.5170566,0.28759265,0.45373878,0.0,0.0,1.0,1.0,0.0
0.52762836,0.46421427,0.49142274,0.53993374,0.4359626,0.0,0.0,1.0,0.0,0.0
0.37527642,0.42138124,0.6229473,0.74505943,0.5349603,1.0,0.0,1.0,0.0,0.0
0.4351924,0.40612683,0.58376044,0.48972726,0.45253226,0.0,0.0,1.0,1.0,1.0
0.5024407,0.54244393,0.49955633,0.47407767,0.4643375,1.0,1.0,0.0,0.0,1.0
0.5664135,0.39240462,0.6452099,0.7058533,0.35875568,1.0,0.0,0.0,0.0,1.0
0.38728097,0.33569092,0.70513135,0.5716794,0.2639013,1.0,1.0,1.0,1.0,0.0
0.42272964,0.57273436,0.37043682,0.32385516,0.5759314,1.0,0.0,0.0,0.0,1.0
0.41042218,0.3891097,0.62842894,0.43773866,0.28969958,0.0,0.0,0.0,1.0,0.0
0.37829554,0.45239013,0.5217002,0.25616494,0.40278575,1.0,1.0,1.0,0.0,1.0
0.5003645,0.4067003,0.5738024,0.38006735,0.4051615,0.0,0.0,1.0,1.0,1.0
0.47118613,0.43521813,0.5013808,0.4293945,0.4394975,1.0,1.0,1.0,0.0,1.0
0.47581118,0.55749726,0.39164227,0.41077077,0.56070864,1.0,1.0,1.0,1.0,0.0
0.38574612,0.30261493,0.78345317,0.53017724,0.16392949,0.0,1.0,0.0,0.0,0.0
0.55795574,0.5025735,0.53146654,0.6801839,0.4128546,0.0,0.0,1.0,0.0,0.0
0.5663305,0.41345733,0.5879732,0.5439689,0.39883563,1.0,1.0,1.0,0.0,0.0
0.57302254,0.4186285,0.55081415,0.5458926,0.42734736,0.0,0.0,0.0,1.0,1.0
0.47006562,0.30917057,0.71722823,0.6504387,0.24544686,1.0,0.0,1.0,0.0,1.0
0.5028333,0.32689232,0.6732512,0.6147747,0.29572785,1.0,1.0,0.0,1.0,1.0
0.45319927,0.40948042,0.6096175,0.65022475,0.4512127,1.0,0.0,0.0,1.0,0.0
0.3359385,0.34619996,0.65882796,0.52631426,0.3144065,0.0,0.0,1.0,1.0,1.0
0.39626333,0.4948274,0.51760244,0.39953902,0.44287673,0.0,1.0,0.0,1.0,0.0
0.37949246,0.5326702,0.47565597,0.43919855,0.46641415,0.0,0.0,0.0,0.0,0.0
0.28204367,0.3858893,0.658435,0.30095014,0.29976815,1.0,0.0,0.0,0.0,0.0
0.54707974,0.518749,0.45772165,0.51671255,0.4216403,1.0,1.0,1.0,1.0,0.0
0.5348528,0.35955846,0.57000405,0.4680447,0.44436792,0.0,0.0,1.0,1.0,0.0
0.40953115,0.4963715,0.54507035,0.20041882,0.36233437,0.0,1.0,1.0,0.0,0.0
0.4438787,0.40574574,0.6421818,0.28052372,0.3000139,0.0,1.0,1.0,1.0,1.0
0.53607416,0.5423352,0.47891903,0.72136265,0.52169555,0.0,0.0,1.0,0.0,0.0
0.4856173,0.45370913,0.5381536,0.53345954,0.40002877,0.0,0.0,0.0,0.0,0.0
0.49251783,0.2779407,0.80813307,0.8006971,0.2970783,0.0,0.0,1.0,0.0,0.0
0.36853278,0.47732484,0.45906195,0.46575284,0.56120586,1.0,1.0,0.0,0.0,1.0
0.39308572,0.57448065,0.37434834,0.13783611,0.49587288,0.0,0.0,0.0,1.0,1.0
0.41617012,0.61059284,0.44155198,0.41908106,0.5777615,0.0,0.0,1.0,1.0,1.0
0.40967673,0.42209703,0.55855167,0.4567284,0.40079257,1.0,0.0,0.0,1.0,1.0
0.36877722,0.5652414,0.38779902,0.47436506,0.61617315,0.0,1.0,0.0,1.0,1.0
0.42352942,0.48298773,0.49941197,0.39808062,0.47183436,0.0,1.0,1.0,1.0,1.0
0.5658198,0.37736806,0.68239987,0.54401976,0.23015559,1.0,0.0,0.0,0.0,0.0
0.47867182,0.36561102,0.65381354,0.77924496,0.3952241,1.0,0.0,1.0,0.0,0.0
0.2858419,0.47509468,0.5414158,0.32393396,0.44258437,0.0,0.0,1.0,1.0,0.0
0.44884992,0.6204063,0.29621398,0.27074483,0.5950099,0.0,0.0,0.0,1.0,0.0
0.4984603,0.357402,0.70749944,0.6785045,0.3540183,1.0,0.0,1.0,1.0,1.0
0.40455836,0.4153375,0.5453064,0.41214207,0.56193525,1.0,0.0,1.0,1.0,0.0
0.4417192,0.45754275,0.4969359,0.40866223,0.42217448,0.0,0.0,0.0,0.0,1.0
0.40145501,0.3369777,0.7184057,0.68859017,0.27718773,0.0,0.0,0.0,0.0,0.0
0.47365552,0.5599652,0.40293318,0.33664837,0.51712286,0.0,0.0,1.0,1.0,0.0
0.41739726,0.42250344,0.58573824,0.48128805,0.39714777,0.0,0.0,0.0,1.0,1.0
0.40695804,0.2748908,0.6582238,0.37104836,0.28548744,0.0,1.0,1.0,0.0,0.0
0.34475046,0.63057923,0.35285446,0.4453091,0.59318984,1.0,1.0,0.0,0.0,0.0
0.39315012,0.4523261,0.596707,0.35346416,0.33047655,0.0,0.0,0.0,0.0,0.0
0.56148905,0.4030991,0.6363842,0.53766537,0.27274966,0.0,1.0,1.0,1.0,0.0
0.50750405,0.33711284,0.6746837,0.60398555,0.2919713,1.0,0.0,0.0,1.0,0.0
0.50005543,0.4950605,0.4842583,0.4574387,0.4697455,0.0,1.0,1.0,0.0,0.0
0.45412186,0.57060844,0.42832947,0.29845145,0.47808862,1.0,0.0,1.0,1.0,0.0
0.37013292,0.23108703,0.78260964,0.46653885,0.19305567,1.0,1.0,1.0,1.0,1.0
0.4884004,0.37455124,0.6423624,0.68087685,0.3520739,1.0,1.0,0.0,1.0,1.0
0.4865998,0.25918037,0.7571234,0.5435786,0.27425048,1.0,1.0,0.0,0.0,0.0
0.42459664,0.464704,0.5392134,0.4356881,0.38362625,0.0,1.0,1.0,1.0,1.0
0.47642553,0.3500326,0.6842607,0.5823003,0.32724646,0.0,1.0,1.0,0.0,1.0
0.3225906,0.2606122,0.7713582,0.40714717,0.1689575,1.0,1.0,1.0,1.0,0.0
0.4252649,0.5559224,0.43277135,0.2520125,0.54742247,0.0,1.0,0.0,0.0,1.0
0.46199095,0.49077138,0.4701478,0.38812953,0.45964128,1.0,0.0,1.0,1.0,0.0
0.39577374,0.49887174,0.4531924,0.31647646,0.432653,1.0,1.0,0.0,1.0,1.0
0.3946443,0.5351395,0.514947,0.48218262,0.5187173,1.0,0.0,0.0,1.0,0.0
0.42712122,0.3804489,0.61204445,0.4184833,0.33594185,0.0,1.0,0.0,0.0,0.0
0.31796762,0.53805727,0.49846455,0.22812538,0.54020536,0.0,0.0,0.0,0.0,0.0
0.51999754,0.3579878,0.6712835,0.63123083,0.335159,1.0,0.0,0.0,0.0,1.0
0.5038799,0.5309327,0.48281983,0.3496665,0.48944914,0.0,1.0,0.0,0.0,0.0
0.3591649,0.61766326,0.39651853,0.3565976,0.577624,1.0,0.0,0.0,1.0,1.0
0.4124159,0.5725133,0.41999108,0.29419827,0.52327657,0.0,1.0,1.0,1.0,0.0
0.33133247,0.48193523,0.5791082,0.5510159,0.46054313,0.0,1.0,1.0,1.0,1.0
0.49801502,0.3319688,0.7088314,0.61282843,0.2420056,1.0,0.0,0.0,0.0,0.0
0.41211787,0.44639537,0.50164807,0.30929366,0.4217931,1.0,0.0,1.0,1.0,0.0
0.44465816,0.30320948,0.7345934,0.7646773,0.39102843,1.0,0.0,1.0,1.0,1.0
0.40862083,0.5324445,0.3985993,0.52928597,0.56464714,1.0,1.0,1.0,1.0,1.0
0.5358809,0.5661124,0.4349452,0.5178954,0.504323,0.0,1.0,0.0,0.0,0.0
0.5178347,0.5148793,0.48867592,0.44479802,0.44259652,0.0,0.0,1.0,0.0,0.0
0.49142656,0.43949786,0.54244155,0.39319927,0.3614442,1.0,0.0,0.0,1.0,1.0
0.59093624,0.45020807,0.5159292,0.6465476,0.45568427,1.0,1.0,0.0,0.0,0.0
0.55782175,0.36942542,0.58292794,0.4299972,0.34586272,1.0,1.0,1.0,1.0,1.0
0.5194451,0.62505645,0.37243202,0.45136535,0.6115077,0.0,1.0,1.0,1.0,0.0
0.46998566,0.42803982,0.52334,0.36437622,0.4003442,1.0,0.0,0.0,1.0,1.0
0.5724856,0.4897542,0.4799061,0.60929286,0.44903165,0.0,1.0,1.0,0.0,0.0
0.4652696,0.41281086,0.59791267,0.58534193,0.3760939,0.0,0.0,1.0,0.0,0.0
0.54000884,0.45272818,0.5560675,0.58619076,0.32537958,0.0,1.0,0.0,1.0,1.0
0.53272617,0.6172514,0.42230004,0.56309193,0.44668388,0.0,0.0,1.0,0.0,1.0
0.4917777,0.34128755,0.6453326,0.5851432,0.38685217,1.0,1.0,0.0,1.0,1.0
0.3142318,0.34057745,0.7356403,0.528321,0.32977638,0.0,0.0,1.0,0.0,0.0
0.45179054,0.46402368,0.49799925,0.3625188,0.4608863,0.0,0.0,1.0,1.0,0.0
0.47887027,0.52013725,0.49675098,0.54885185,0.5816372,1.0,1.0,0.0,1.0,0.0
0.5216171,0.46732697,0.5389541,0.5241028,0.4478118,0.0,1.0,0.0,1.0,0.0
0.42695937,0.30504274,0.67269784,0.7389934,0.3891133,1.0,1.0,1.0,0.0,1.0
0.4942963,0.31085768,0.70224035,0.67635614,0.23588367,1.0,0.0,1.0,0.0,0.0
0.37127447,0.5637053,0.41660738,0.33439177,0.55879647,1.0,0.0,1.0,0.0,0.0
0.4376264,0.41128045,0.60074866,0.35143098,0.34547648,0.0,1.0,1.0,0.0,1.0
0.5159899,0.5152255,0.48108003,0.34279516,0.41915354,1.0,0.0,0.0,0.0,1.0
0.52602327,0.37825236,0.6504019,0.699142,0.40236065,0.0,0.0,1.0,0.0,1.0
0.4788069,0.4237245,0.5524936,0.40580726,0.41578135,1.0,1.0,0.0,0.0,1.0
0.51438934,0.5388364,0.40508145,0.38118008,0.512226,0.0,1.0,0.0,0.0,1.0
0.5478719,0.49367905,0.46983215,0.53694427,0.48683515,0.0,1.0,0.0,1.0,0.0
0.41661426,0.45225582,0.5487363,0.4548515,0.39037898,1.0,0.0,0.0,0.0,1.0
0.52487445,0.50802284,0.4240319,0.44748795,0.52085394,0.0,1.0,1.0,1.0,0.0
0.3860808,0.5436716,0.45109978,0.53845626,0.5198277,1.0,0.0,1.0,0.0,0.0
0.43382704,0.47444013,0.45120516,0.40654337,0.56441087,0.0,1.0,1.0,0.0,0.0
0.4657781,0.3705038,0.6970876,0.67191577,0.32918352,1.0,1.0,1.0,1.0,1.0
0.38441855,0.52774644,0.51341236,0.32327,0.4107744,1.0,0.0,0.0,0.0,1.0
0.4052184,0.5037589,0.5173299,0.4232276,0.5283791,0.0,0.0,0.0,0.0,1.0
0.37748462,0.4987424,0.47352976,0.31559372,0.39427295,1.0,0.0,0.0,1.0,1.0
0.5596284,0.38635537,0.6123815,0.542135,0.32436582,0.0,1.0,0.0,1.0,1.0
0.3500022,0.5200546,0.5611817,0.46878064,0.45082417,0.0,1.0,0.0,1.0,0.0
0.38628548,0.30217624,0.64380294,0.45284012,0.34012854,0.0,1.0,1.0,0.0,0.0
0.44232523,0.28473246,0.7439437,0.5478849,0.20106573,0.0,1.0,1.0,0.0,1.0
0.40714228,0.42916176,0.6223288,0.5594181,0.4044488,0.0,1.0,1.0,1.0,0.0
0.49228922,0.5057192,0.50925577,0.39835435,0.4200211,0.0,0.0,0.0,0.0,1.0
0.4127159,0.4521742,0.5740546,0.43147787,0.42594704,0.0,0.0,0.0,0.0,0.0
0.5917165,0.38836947,0.58050716,0.74252814,0.4866783,0.0,0.0,1.0,1.0,0.0
0.47007412,0.29054165,0.7721408,0.73892516,0.15858744,0.0,1.0,0.0,1.0,1.0
0.34291747,0.2291697,0.8155592,0.61598337,0.21653986,0.0,1.0,1.0,1.0,1.0
0.5118421,0.45862204,0.5828788,0.45176902,0.3876658,0.0,0.0,1.0,0.0,1.0
0.6104945,0.4003764,0.5284529,0.4009398,0.3839127,1.0,1.0,1.0,0.0,1.0
0.5471606,0.5755643,0.429652,0.48036855,0.446094,0.0,0.0,0.0,0.0,0.0
0.298674,0.4015793,0.5577168,0.25584581,0.38275638,0.0,0.0,0.0,1.0,0.0
0.45358852,0.32224306,0.68182266,0.41296905,0.26767135,1.0,1.0,1.0,0.0,0.0
0.45907998,0.4288069,0.54621226,0.4485598,0.39725745,1.0,1.0,1.0,1.0,1.0
0.5553474,0.51047224,0.42656183,0.3314136,0.58183277,0.0,0.0,1.0,0.0,1.0
0.3879197,0.2719537,0.81578004,0.60344833,0.2277345,1.0,1.0,0.0,0.0,0.0
0.5119083,0.48225358,0.48910087,0.53979856,0.43751758,0.0,1.0,0.0,1.0,1.0
0.34210944,0.40114984,0.63130736,0.40482077,0.3553364,1.0,1.0,1.0,1.0,0.0
0.4417674,0.42957318,0.53657585,0.3357044,0.4735773,1.0,0.0,0.0,0.0,0.0
0.53690296,0.4944055,0.49624825,0.3446021,0.46461886,0.0,0.0,0.0,0.0,1.0
0.5240549,0.42934492,0.58673584,0.6570316,0.3263089,1.0,1.0,1.0,0.0,1.0
0.430261,0.31398067,0.7007883,0.5851707,0.29329723,1.0,0.0,0.0,1.0,0.0
0.43554088,0.55366147,0.4389135,0.33477208,0.5185453,1.0,1.0,1.0,0.0,1.0
0.47564152,0.4597822,0.5353133,0.5513849,0.44903722,0.0,1.0,0.0,0.0,1.0
0.40358976,0.4743327,0.50405455,0.39313397,0.39741147,0.0,1.0,1.0,1.0,0.0
0.37723133,0.48493895,0.47477674,0.21181573,0.43583462,0.0,1.0,1.0,1.0,0.0
0.4329598,0.25761876,0.74708354,0.6245374,0.16591495,0.0,1.0,0.0,1.0,1.0
0.41554958,0.5314347,0.4131011,0.26764983,0.58702886,1.0,0.0,1.0,0.0,1.0
0.46922135,0.6239446,0.3407919,0.23854159,0.5993504,1.0,0.0,1.0,1.0,0.0
0.35910222,0.51033837,0.45394552,0.366837,0.51205325,0.0,0.0,0.0,1.0,0.0
0.43995202,0.3522542,0.63296914,0.45011637,0.40163723,0.0,1.0,0.0,1.0,0.0
0.43677136,0.4121283,0.57939065,0.5116932,0.42879206,0.0,0.0,1.0,1.0,0.0
0.40996617,0.4098958,0.6067347,0.56603616,0.34639856,1.0,1.0,1.0,0.0,0.0
0.45329675,0.40112597,0.61586225,0.48575798,0.417994,0.0,1.0,1.0,1.0,1.0
0.41663933,0.32712245,0.77472556,0.64948165,0.23604164,0.0,1.0,1.0,0.0,0.0
0.3874023,0.32601202,0.6837885,0.555337,0.3427537,0.0,1.0,0.0,0.0,1.0
0.50558054,0.5219861,0.45048803,0.6041626,0.5959729,1.0,0.0,0.0,0.0,1.0
0.4019349,0.44783515,0.60949856,0.39841092,0.3405865,1.0,1.0,0.0,1.0,1.0
0.48454624,0.43895346,0.54541904,0.43226665,0.3395785,0.0,1.0,1.0,0.0,0.0
0.45943275,0.39347965,0.5920775,0.5559972,0.37007686,0.0,1.0,0.0,0.0,1.0
0.40580717,0.5462698,0.40060186,0.16408667,0.4877429,1.0,1.0,0.0,0.0,1.0
0.37091646,0.39868012,0.63061035,0.52414674,0.39810625,1.0,1.0,1.0,0.0,0.0
0.45751494,0.5417052,0.39092365,0.26589257,0.57670635,0.0,1.0,0.0,0.0,1.0
0.4108057,0.35749882,0.67230064,0.67554915,0.36542565,0.0,1.0,0.0,0.0,0.0
0.41948435,0.50106734,0.44562742,0.22524625,0.44658366,0.0,0.0,1.0,0.0,0.0
0.4845084,0.2517589,0.7720414,0.7208411,0.20980088,0.0,1.0,1.0,1.0,0.0
0.48717365,0.33073366,0.71315444,0.6206569,0.2570321,1.0,1.0,0.0,0.0,1.0
0.46550557,0.6803174,0.29568875,0.5128256,0.6565875,0.0,0.0,0.0,0.0,1.0
0.405604,0.29782757,0.7021937,0.6719819,0.37559366,1.0,0.0,1.0,0.0,0.0
0.5065387,0.56161,0.37133107,0.35846245,0.5449574,0.0,1.0,0.0,1.0,0.0
0.47683516,0.3739515,0.65301234,0.60677797,0.3553678,1.0,0.0,1.0,1.0,1.0
0.50028545,0.5078956,0.43940175,0.34424925,0.47003502,1.0,1.0,1.0,1.0,1.0
0.3965283,0.36693236,0.63210446,0.48622397,0.29855773,0.0,0.0,1.0,1.0,1.0
0.42988187,0.33061457,0.7207687,0.48327214,0.23626655,0.0,0.0,0.0,0.0,1.0
0.43878055,0.43993208,0.6156847,0.58785355,0.36888763,0.0,0.0,1.0,0.0,0.0
0.4499041,0.5579858,0.43578967,0.35892424,0.45298466,0.0,0.0,1.0,0.0,0.0
0.55069005,0.26926416,0.704604,0.6150646,0.27321988,0.0,0.0,0.0,0.0,0.0
0.5013438,0.40703338,0.6758947,0.6499593,0.3208762,0.0,1.0,1.0,1.0,1.0
0.44010162,0.35589868,0.70348644,0.6146331,0.2992672,1.0,1.0,0.0,1.0,1.0
0.41512316,0.68782264,0.2636015,0.28170663,0.59387386,0.0,0.0,1.0,0.0,1.0
0.5255197,0.4300348,0.5995685,0.54265916,0.34305868,0.0,1.0,0.0,0.0,0.0
0.43489772,0.46419546,0.51659596,0.29376045,0.36825284,0.0,1.0,0.0,1.0,1.0
0.46479464,0.4702513,0.5726096,0.56405693,0.36841533,0.0,1.0,0.0,0.0,0.0
0.434088,0.26954713,0.6828213,0.45584553,0.24539062,0.0,1.0,1.0,0.0,1.0
0.35324422,0.5144816,0.53953356,0.27386928,0.45200655,1.0,0.0,0.0,0.0,0.0
0.4203455,0.4573007,0.5705199,0.40651572,0.4241888,1.0,0.0,0.0,1.0,1.0
0.46410537,0.45298177,0.48729432,0.5997876,0.5179079,0.0,0.0,0.0,0.0,0.0
0.33578303,0.39342123,0.6052047,0.70003796,0.48084068,0.0,0.0,1.0,1.0,0.0
0.46653417,0.31853434,0.7424433,0.5773531,0.184369,1.0,0.0,1.0,1.0,1.0
0.5188957,0.29465595,0.7118023,0.5450169,0.19166052,1.0,0.0,0.0,1.0,0.0
0.45594275,0.4156763,0.6393269,0.71478194,0.4445033,0.0,0.0,0.0,0.0,0.0
0.35331917,0.6166351,0.3980001,0.29662666,0.51986057,1.0,0.0,0.0,1.0,1.0
0.42200476,0.27364582,0.76439077,0.5448679,0.22581872,1.0,1.0,1.0,1.0,0.0
0.4471367,0.47191796,0.49347562,0.44021165,0.48665577,0.0,1.0,0.0,0.0,0.0
0.43483025,0.3331402,0.6404654,0.4074833,0.40390563,0.0,0.0,0.0,0.0,0.0
0.56806684,0.39746916,0.5062358,0.523932,0.4589373,0.0,0.0,1.0,0.0,1.0
0.3681449,0.2352919,0.7848716,0.56751263,0.27297652,1.0,0.0,1.0,1.0,1.0
0.45061097,0.43279815,0.57444465,0.3395164,0.3562392,0.0,0.0,1.0,1.0,1.0
0.51717937,0.3491689,0.6187027,0.632142,0.36912093,1.0,0.0,1.0,1.0,0.0
0.30026388,0.4508919,0.5629945,0.213349,0.3322196,1.0,1.0,1.0,1.0,0.0
0.5813545,0.51102287,0.49399337,0.59052736,0.39910707,1.0,1.0,1.0,0.0,0.0
0.38698012,0.3395759,0.6370962,0.4179965,0.34569958,0.0,1.0,1.0,0.0,1.0
0.49898747,0.46855187,0.54937583,0.51467896,0.35766524,1.0,1.0,0.0,1.0,1.0
0.34775624,0.5180442,0.5470762,0.29506662,0.39946634,0.0,1.0,1.0,1.0,0.0
0.32364282,0.2583143,0.7659653,0.61031884,0.23404434,1.0,0.0,0.0,0.0,1.0
0.35942695,0.36092386,0.664494,0.57851243,0.41738313,1.0,1.0,0.0,1.0,1.0
0.3261894,0.39341563,0.6053913,0.32345438,0.36647925,0.0,1.0,0.0,0.0,0.0
0.4108157,0.49855614,0.5150597,0.34973446,0.4002116,0.0,0.0,0.0,0.0,1.0
0.3622631,0.58993113,0.38174477,0.56783193,0.5956552,1.0,1.0,1.0,1.0,1.0
0.5067678,0.355883,0.67504853,0.56297046,0.3259537,0.0,1.0,1.0,1.0,0.0
0.38541448,0.48264968,0.44755182,0.3409493,0.47327724,0.0,0.0,1.0,1.0,0.0
0.4257715,0.25611562,0.77338994,0.5458718,0.20886487,0.0,1.0,1.0,1.0,1.0
0.33981252,0.37528878,0.65315914,0.53638774,0.36872405,1.0,1.0,0.0,0.0,1.0
0.4315417,0.45802945,0.59385186,0.5047891,0.2731438,0.0,1.0,1.0,0.0,0.0
0.36238298,0.6206623,0.3378004,0.22935416,0.6309171,0.0,0.0,0.0,1.0,1.0
0.40062356,0.5507007,0.5179342,0.48416477,0.49807045,1.0,1.0,1.0,0.0,0.0
0.57411903,0.4227917,0.5024692,0.6003874,0.51304233,1.0,1.0,1.0,0.0,0.0
0.4209756,0.32789344,0.6705533,0.6078417,0.34254003,0.0,0.0,1.0,0.0,0.0
0.49373668,0.46495208,0.49927068,0.5972065,0.510717,1.0,0.0,1.0,1.0,1.0
0.45370588,0.5350377,0.45510894,0.38016382,0.53394336,1.0,1.0,1.0,1.0,0.0
0.50352377,0.45062935,0.5048277,0.43319604,0.4726518,0.0,1.0,1.0,1.0,0.0
0.49539044,0.27011573,0.75118613,0.5904333,0.21707873,0.0,1.0,1.0,1.0,0.0
0.5950566,0.41932917,0.57869697,0.630338,0.41242632,1.0,1.0,1.0,0.0,1.0
0.3882696,0.20910102,0.836059,0.73400646,0.1836898,0.0,0.0,1.0,0.0,1.0
0.50125664,0.4939937,0.42268103,0.37372553,0.4589225,0.0,0.0,0.0,1.0,0.0
0.4581431,0.3287817,0.67847246,0.47096923,0.23623134,1.0,0.0,1.0,0.0,1.0
0.45333025,0.3789729,0.6417642,0.5777593,0.3392141,1.0,1.0,0.0,0.0,0.0
0.5358914,0.41199222,0.60960937,0.5528357,0.30934143,1.0,0.0,1.0,1.0,1.0
0.5948186,0.33572793,0.62050045,0.63773614,0.35813624,0.0,0.0,1.0,1.0,1.0
0.46946326,0.3814168,0.6143288,0.593116,0.3449589,0.0,1.0,1.0,0.0,0.0
0.5153958,0.48681572,0.5262817,0.44650608,0.33987862,0.0,1.0,1.0,0.0,1.0
0.47038427,0.39088157,0.6848368,0.7327759,0.36029536,0.0,1.0,1.0,1.0,0.0
0.55787647,0.4732231,0.46611136,0.57476646,0.49907142,0.0,0.0,1.0,0.0,0.0
0.3925951,0.57465553,0.4813945,0.33782825,0.5163098,0.0,0.0,0.0,1.0,0.0
0.42794183,0.409027,0.5894944,0.44831023,0.31875452,0.0,1.0,0.0,0.0,1.0
0.49945486,0.42368454,0.574034,0.5097171,0.35752916,1.0,0.0,0.0,1.0,1.0
0.5139588,0.3350675,0.6546737,0.5127116,0.290015,1.0,1.0,0.0,0.0,1.0
0.5378659,0.48077092,0.55585945,0.45764196,0.35757914,1.0,1.0,0.0,0.0,1.0
0.5466364,0.5180396,0.5221335,0.61161846,0.4391458,0.0,0.0,1.0,1.0,0.0
0.47045738,0.6148924,0.3291559,0.28309983,0.58576787,1.0,1.0,0.0,1.0,0.0
0.4115544,0.45966637,0.51316035,0.2661311,0.3475968,0.0,0.0,1.0,0.0,1.0
0.39698157,0.45476627,0.53987086,0.44254598,0.40672797,1.0,0.0,0.0,1.0,0.0
0.49902618,0.46570602,0.53334737,0.5700026,0.4626124,0.0,1.0,0.0,0.0,1.0
0.44279552,0.2709265,0.71527684,0.36547273,0.20068955,1.0,1.0,1.0,1.0,1.0
0.46331668,0.5975399,0.38082948,0.2930175,0.5243036,0.0,1.0,1.0,0.0,0.0
0.42923814,0.30429104,0.72458464,0.60588133,0.30016217,1.0,0.0,0.0,0.0,0.0
0.48968136,0.43508792,0.51669383,0.46317372,0.49315077,0.0,1.0,1.0,0.0,0.0
0.44275013,0.32751322,0.67344457,0.70293456,0.30074584,0.0,0.0,1.0,1.0,0.0
0.5133009,0.39732084,0.6201957,0.6154135,0.49451673,0.0,0.0,0.0,0.0,0.0
0.52627605,0.47103903,0.5242951,0.43003082,0.42080724,1.0,0.0,0.0,0.0,0.0
0.5136363,0.46797383,0.55854464,0.5795463,0.46364272,1.0,0.0,0.0,0.0,1.0
0.44922233,0.3854257,0.6760407,0.6821301,0.32091683,1.0,0.0,0.0,1.0,0.0
0.3804381,0.41865224,0.64100903,0.5626525,0.32964045,1.0,0.0,1.0,0.0,1.0
0.29599896,0.27032968,0.78220564,0.608683,0.26075017,1.0,1.0,1.0,1.0,0.0
0.53211874,0.4448151,0.50204337,0.54877007,0.48128372,1.0,1.0,0.0,0.0,1.0
0.49617803,0.45562825,0.57583123,0.44922265,0.40521157,1.0,0.0,0.0,0.0,1.0
0.46109048,0.57058156,0.36157212,0.32283002,0.5652083,0.0,1.0,0.0,1.0,0.0
0.50711846,0.49538863,0.5123987,0.605464,0.45883536,0.0,1.0,1.0,0.0,0.0
0.50652313,0.41417378,0.6153504,0.41281515,0.37912646,0.0,0.0,1.0,0.0,1.0
0.4439988,0.4662842,0.4591313,0.34103277,0.56204486,1.0,1.0,0.0,0.0,0.0
0.58620006,0.5050525,0.5219931,0.58255094,0.41909444,0.0,0.0,1.0,1.0,1.0
0.35538834,0.44373873,0.57394224,0.584428,0.392465,1.0,1.0,0.0,0.0,1.0
0.6482519,0.37565827,0.6258776,0.5761238,0.25669894,1.0,1.0,1.0,1.0,1.0
0.4029627,0.5082924,0.4095448,0.49336812,0.51242477,1.0,0.0,1.0,0.0,0.0
0.37700027,0.3718078,0.6320503,0.3501887,0.35870373,1.0,0.0,0.0,1.0,1.0
0.5057719,0.40937835,0.640778,0.6287327,0.38465893,1.0,0.0,1.0,1.0,1.0
0.43506128,0.39527798,0.59988886,0.5535339,0.4324205,1.0,0.0,0.0,0.0,1.0
0.48895916,0.33141702,0.68341506,0.5699386,0.30264667,0.0,1.0,0.0,0.0,0.0
0.48332828,0.57382625,0.39799473,0.17543387,0.5001763,0.0,1.0,1.0,1.0,1.0
0.49240386,0.5021992,0.50286484,0.5634131,0.54989654,1.0,0.0,0.0,1.0,0.0
0.46113417,0.40552828,0.5259081,0.51289433,0.54358935,0.0,1.0,1.0,0.0,0.0
0.39509284,0.41285774,0.62042874,0.67319775,0.3574874,0.0,0.0,1.0,0.0,1.0
0.5114253,0.6582388,0.30435893,0.34933367,0.6348918,1.0,1.0,1.0,0.0,0.0
0.50077766,0.35980952,0.63807,0.54734945,0.31763443,1.0,1.0,1.0,0.0,1.0
0.5828235,0.38213766,0.6161847,0.6759123,0.40795705,1.0,1.0,1.0,0.0,1.0
0.43982795,0.5318077,0.42334318,0.25762695,0.49167275,0.0,0.0,0.0,1.0,0.0
0.5671205,0.34235784,0.55743796,0.49627325,0.39327377,1.0,1.0,1.0,0.0,1.0
0.54491764,0.40078354,0.5597974,0.45164445,0.3922853,1.0,1.0,1.0,0.0,0.0
0.41966906,0.30805066,0.7182353,0.48891214,0.24648517,1.0,1.0,1.0,0.0,0.0
0.48210025,0.26557976,0.70225924,0.67406577,0.42319924,1.0,0.0,1.0,0.0,1.0
0.45630783,0.35119608,0.64635414,0.5148957,0.37211007,0.0,1.0,0.0,1.0,0.0
0.48693046,0.59616023,0.43197873,0.5313318,0.5465655,0.0,1.0,0.0,1.0,0.0
0.5249617,0.41636,0.5614543,0.521663,0.37780818,1.0,0.0,1.0,1.0,0.0
0.54027987,0.30737022,0.72846335,0.59781283,0.23052542,0.0,0.0,1.0,1.0,1.0
0.39665678,0.41079482,0.5904513,0.37815574,0.3522529,1.0,0.0,0.0,1.0,0.0
0.40332845,0.31544632,0.6827242,0.60067046,0.3958096,1.0,0.0,0.0,0.0,1.0
0.4925534,0.40461034,0.5803207,0.38909552,0.35435233,0.0,1.0,0.0,0.0,0.0
0.49660864,0.5357348,0.43210793,0.48110756,0.55739254,0.0,0.0,1.0,1.0,1.0
0.48657334,0.26463708,0.76116115,0.63777125,0.26626188,0.0,0.0,1.0,0.0,1.0
0.6111855,0.51139385,0.4665887,0.5237028,0.5229506,1.0,1.0,1.0,1.0,1.0
0.43285504,0.60672116,0.4039482,0.4843032,0.55075365,0.0,0.0,0.0,0.0,1.0
0.3738326,0.405482,0.6314444,0.6079381,0.49500936,0.0,1.0,0.0,1.0,1.0
0.5286574,0.49425322,0.47971466,0.47773495,0.44052577,0.0,1.0,0.0,1.0,0.0
0.46947956,0.68831885,0.27342114,0.36446208,0.61087865,1.0,1.0,1.0,1.0,0.0
0.47965026,0.57233524,0.44455966,0.5468284,0.5113017,0.0,1.0,0.0,0.0,1.0
0.47914323,0.42135245,0.6794849,0.65395075,0.3443981,0.0,0.0,0.0,0.0,0.0
0.43900952,0.44185185,0.49206153,0.4063205,0.42871526,0.0,1.0,0.0,1.0,1.0
0.47689468,0.2775127,0.7464624,0.61879,0.2339229,1.0,0.0,0.0,0.0,1.0
0.48166245,0.55717313,0.43421057,0.3627314,0.4392912,0.0,1.0,0.0,0.0,0.0
0.4960691,0.37177113,0.61813813,0.5968209,0.32796383,0.0,0.0,0.0,1.0,1.0
0.50929385,0.5063562,0.44546714,0.36444423,0.44694906,0.0,1.0,1.0,1.0,1.0
0.45668623,0.33941072,0.69848317,0.53814876,0.26066023,0.0,0.0,0.0,1.0,1.0
0.43673426,0.4356159,0.5284413,0.36474073,0.36350042,0.0,0.0,1.0,1.0,0.0
0.49796382,0.52862954,0.46207437,0.40906695,0.50195116,0.0,0.0,1.0,0.0,0.0
0.3934642,0.5502152,0.3897444,0.41853762,0.56633264,1.0,1.0,1.0,0.0,1.0
0.40964013,0.41613436,0.53756446,0.3717338,0.43789443,1.0,0.0,1.0,1.0,1.0
0.48075372,0.3990358,0.5449496,0.37071544,0.38545147,1.0,0.0,1.0,1.0,1.0
0.27611303,0.29261675,0.77524084,0.5316285,0.23191142,0.0,1.0,0.0,1.0,1.0
0.37453344,0.44573766,0.5720828,0.43176627,0.36605766,1.0,1.0,0.0,1.0,0.0
0.41834447,0.49168244,0.54860103,0.5540717,0.49237272,0.0,0.0,1.0,0.0,0.0
0.3596373,0.29554313,0.7584123,0.46301103,0.25246483,0.0,0.0,1.0,0.0,0.0
0.45661,0.58035964,0.42178625,0.4285579,0.4769054,1.0,1.0,1.0,1.0,1.0
0.4682614,0.40849712,0.59037435,0.6145091,0.44574893,1.0,0.0,1.0,0.0,0.0
0.49449423,0.37968284,0.7322772,0.71151316,0.3016034,0.0,0.0,1.0,0.0,1.0
0.50627327,0.54421294,0.33637056,0.29360723,0.5974418,0.0,0.0,0.0,0.0,1.0
0.34571823,0.60152197,0.31235367,0.19623552,0.6464434,0.0,1.0,1.0,0.0,0.0
0.3998962,0.6573989,0.3034386,0.26322374,0.61111665,1.0,0.0,0.0,1.0,1.0
0.44292364,0.3545391,0.6388371,0.5856756,0.34628567,0.0,1.0,0.0,0.0,1.0
0.36162716,0.41884285,0.5945922,0.44002858,0.37755296,1.0,1.0,1.0,0.0,0.0
0.45433062,0.41517255,0.615212,0.3742446,0.34725264,0.0,0.0,0.0,1.0,1.0
0.45888576,0.44142503,0.56816214,0.56342053,0.39302346,1.0,0.0,0.0,1.0,0.0
0.5493193,0.4715274,0.54639065,0.4804168,0.359054,1.0,0.0,0.0,0.0,1.0
0.44731838,0.6068324,0.38752943,0.34134638,0.5214668,1.0,1.0,0.0,1.0,1.0
0.40928513,0.30861565,0.7423594,0.72840947,0.27932915,1.0,1.0,0.0,0.0,0.0
0.5174564,0.33633915,0.65420514,0.6258815,0.30055198,0.0,0.0,0.0,1.0,0.0
0.46958992,0.5371254,0.43469992,0.27681458,0.46657094,0.0,1.0,0.0,1.0,0.0
0.46041366,0.23370664,0.7809462,0.5452409,0.20716217,1.0,1.0,1.0,1.0,0.0
0.43154508,0.31230447,0.70160645,0.55722785,0.3188766,1.0,1.0,1.0,0.0,1.0
0.46244225,0.38916302,0.63884264,0.6556349,0.34421435,0.0,0.0,1.0,0.0,1.0
0.40600252,0.45480263,0.6146347,0.41539997,0.28307447,0.0,1.0,1.0,1.0,0.0
0.44636685,0.28074133,0.7992334,0.7745398,0.27842236,0.0,0.0,0.0,0.0,1.0
0.33721405,0.39704433,0.6690053,0.47330683,0.3320893,1.0,1.0,1.0,1.0,0.0
0.35741326,0.35532877,0.70316523,0.57241666,0.27920508,0.0,1.0,0.0,1.0,0.0
0.4666335,0.4424097,0.57478714,0.6011863,0.44139725,0.0,0.0,1.0,1.0,1.0
0.38857266,0.49691036,0.48516917,0.43706053,0.5494624,1.0,0.0,0.0,0.0,1.0
0.4598361,0.3612755,0.67956257,0.68804324,0.33949786,1.0,0.0,1.0,1.0,0.0
0.5005119,0.42285424,0.62056977,0.61115104,0.42452195,1.0,0.0,0.0,0.0,1.0
0.5156689,0.40989244,0.5117271,0.5859787,0.4700518,0.0,1.0,1.0,1.0,0.0
0.4285886,0.5065923,0.45015356,0.1887216,0.46319517,0.0,0.0,0.0,0.0,1.0
0.34029087,0.3662811,0.69180536,0.64427304,0.40766427,1.0,0.0,1.0,0.0,1.0
0.47897598,0.4520671,0.56262,0.57451236,0.41710007,1.0,1.0,1.0,1.0,0.0
0.48549145,0.50260806,0.49213937,0.46130672,0.49489355,1.0,0.0,1.0,1.0,1.0
0.4210643,0.35019457,0.70704424,0.60911006,0.31681535,0.0,1.0,1.0,1.0,1.0
0.49573636,0.4768985,0.53868663,0.659638,0.41239688,0.0,1.0,1.0,0.0,1.0
0.47163174,0.2390944,0.8317016,0.6744283,0.17911355,0.0,0.0,0.0,1.0,1.0
0.36185092,0.45734882,0.5396973,0.2840383,0.4224574,0.0,1.0,0.0,0.0,1.0
0.5711177,0.35907575,0.57537496,0.5236275,0.48403433,0.0,0.0,0.0,1.0,0.0
0.51574355,0.43105927,0.5119335,0.42787886,0.4704794,0.0,1.0,1.0,1.0,1.0
0.49139977,0.27073318,0.7682778,0.63837785,0.2137143,0.0,1.0,0.0,0.0,0.0
0.38871428,0.53283393,0.4249231,0.47646466,0.5573733,0.0,1.0,0.0,1.0,1.0
0.4893315,0.42189807,0.5849678,0.44083157,0.27900353,1.0,1.0,1.0,0.0,1.0
0.44408926,0.33782727,0.64558744,0.54559433,0.27212965,1.0,1.0,1.0,1.0,0.0
0.410388,0.341001,0.6614883,0.5075592,0.29378787,0.0,1.0,1.0,0.0,1.0
0.41987443,0.5779135,0.4398715,0.23951581,0.5380036,0.0,0.0,0.0,1.0,1.0
0.41254747,0.48581854,0.5042787,0.5245345,0.5163781,1.0,0.0,1.0,1.0,1.0
0.34888136,0.26495954,0.7843322,0.70783633,0.2925788,1.0,0.0,1.0,1.0,1.0
0.41380182,0.31267348,0.75698227,0.5497404,0.23471417,1.0,0.0,1.0,1.0,1.0
0.45856783,0.45131776,0.5623232,0.43265465,0.35551977,0.0,1.0,0.0,0.0,0.0
0.5950978,0.6247226,0.3240448,0.43903497,0.6315436,0.0,0.0,0.0,1.0,1.0
0.48696658,0.41087765,0.54795974,0.5642249,0.48789892,0.0,0.0,0.0,1.0,0.0
0.47687754,0.60164726,0.3430623,0.21634121,0.5695762,0.0,0.0,1.0,0.0,0.0
0.4439007,0.3725682,0.6121515,0.46618715,0.4742143,0.0,1.0,1.0,0.0,1.0
0.42974672,0.3283009,0.70142806,0.58866173,0.29980612,0.0,1.0,0.0,1.0,1.0
0.31097853,0.40714142,0.613744,0.36408365,0.26253787,1.0,0.0,0.0,1.0,1.0
0.41559166,0.659574,0.316465,0.3910151,0.62065166,1.0,0.0,0.0,0.0,1.0
0.45202735,0.39041376,0.65114325,0.43866792,0.25487185,1.0,0.0,0.0,1.0,1.0
0.40094775,0.34352842,0.70792216,0.50409526,0.24409838,1.0,0.0,1.0,0.0,1.0
0.44257447,0.43392003,0.56777525,0.43075442,0.41918024,1.0,1.0,0.0,1.0,0.0
0.40932274,0.37229285,0.6927913,0.728425,0.34787074,0.0,1.0,1.0,0.0,0.0
0.5074642,0.29279324,0.729293,0.6367823,0.18466276,0.0,0.0,1.0,1.0,1.0
0.47622716,0.31996182,0.7288853,0.5694267,0.37317324,0.0,0.0,0.0,0.0,1.0
0.5034009,0.51249176,0.46929547,0.34687573,0.48221144,1.0,1.0,0.0,0.0,0.0
0.5536184,0.41643828,0.6399922,0.6235323,0.31016222,0.0,0.0,1.0,0.0,0.0
0.4575461,0.33765465,0.5993503,0.6802508,0.36540842,0.0,1.0,1.0,1.0,0.0
0.5006754,0.59008193,0.39660558,0.48288885,0.63678116,0.0,1.0,1.0,1.0,0.0
0.41770327,0.6576389,0.3460919,0.40741646,0.5900111,0.0,1.0,1.0,1.0,0.0
0.432913,0.28871208,0.7878973,0.5436175,0.18741296,0.0,1.0,1.0,0.0,0.0
0.4435946,0.46750584,0.5908205,0.65047884,0.3675147,1.0,0.0,0.0,0.0,0.0
0.30580968,0.45617482,0.6232001,0.31231925,0.38948226,0.0,0.0,1.0,1.0,1.0
0.48469552,0.34001532,0.6759796,0.6232559,0.3015003,0.0,1.0,0.0,1.0,0.0
0.52400184,0.5836366,0.40923744,0.50314593,0.56717974,1.0,0.0,1.0,1.0,0.0
0.33336425,0.44638723,0.6273391,0.5079201,0.39804205,0.0,0.0,1.0,0.0,0.0
0.40218106,0.4423372,0.6193497,0.44318822,0.43330696,1.0,0.0,1.0,1.0,0.0
0.5116463,0.52836967,0.42400607,0.6118929,0.57543606,0.0,0.0,1.0,1.0,1.0
0.5142988,0.6138004,0.33238938,0.20974307,0.56904125,0.0,1.0,0.0,1.0,1.0
0.4516353,0.3215262,0.6910536,0.4720073,0.28561184,0.0,1.0,1.0,0.0,1.0
0.43102196,0.25637352,0.7741412,0.64555115,0.28562164,0.0,1.0,1.0,1.0,1.0
0.5598335,0.49792546,0.43781134,0.46975172,0.47040483,0.0,1.0,1.0,1.0,1.0
0.30692685,0.43372777,0.67159766,0.53196734,0.32428,0.0,1.0,0.0,0.0,1.0
0.47531143,0.28837276,0.74714094,0.586015,0.21143761,1.0,1.0,0.0,1.0,0.0
0.3881515,0.4954927,0.4663396,0.40388206,0.524775,0.0,0.0,1.0,0.0,1.0
0.41591007,0.38527784,0.62623423,0.5059503,0.35588017,1.0,0.0,1.0,1.0,1.0
0.39103538,0.4846921,0.52843565,0.41032472,0.51127046,1.0,1.0,1.0,1.0,0.0
0.53075,0.56907237,0.3964734,0.3462688,0.5114794,0.0,0.0,1.0,0.0,1.0
0.39719543,0.4357677,0.5735158,0.42856833,0.38239646,0.0,1.0,0.0,0.0,1.0
0.4590459,0.5699389,0.40406424,0.35766178,0.5304772,1.0,0.0,0.0,0.0,1.0
0.44832274,0.45503888,0.6072112,0.6144339,0.37324992,1.0,1.0,0.0,0.0,0.0
0.47643986,0.49716243,0.50981945,0.40051863,0.46782097,1.0,0.0,1.0,1.0,1.0
0.40456685,0.4917621,0.49772084,0.42050838,0.4172788,0.0,0.0,0.0,1.0,0.0
0.42580116,0.39909956,0.65628344,0.4253677,0.36168617,0.0,1.0,1.0,1.0,1.0
0.35105565,0.37491897,0.6373985,0.5211368,0.35588735,0.0,0.0,0.0,0.0,0.0
0.4560669,0.41154262,0.6648414,0.71384877,0.3227875,0.0,0.0,0.0,0.0,1.0
0.46587715,0.46243206,0.6126131,0.5960641,0.3656274,1.0,1.0,1.0,1.0,1.0
0.41119224,0.2571466,0.76081324,0.673225,0.2770029,0.0,1.0,1.0,0.0,0.0
0.38759133,0.48534214,0.5520127,0.54654294,0.43528756,0.0,0.0,0.0,0.0,1.0
0.502887,0.4313243,0.593708,0.5439236,0.36460042,1.0,0.0,1.0,0.0,1.0
0.5067331,0.48543388,0.49835202,0.38712612,0.41654503,1.0,1.0,0.0,1.0,1.0
0.4165531,0.5226862,0.43915945,0.2779727,0.48609215,1.0,1.0,0.0,0.0,1.0
0.47522882,0.42828003,0.5292745,0.36598995,0.3926062,1.0,1.0,1.0,0.0,1.0
0.32819384,0.24707033,0.80169696,0.54533863,0.15209894,1.0,0.0,1.0,0.0,0.0
0.435071,0.43444473,0.5665509,0.40023664,0.3865611,1.0,1.0,0.0,0.0,0.0
0.5007856,0.47974214,0.49403402,0.34715968,0.433333,1.0,1.0,1.0,1.0,0.0
0.3207273,0.3301242,0.7138903,0.5665784,0.34215474,1.0,1.0,0.0,0.0,1.0
0.45327303,0.4460729,0.53828615,0.48745352,0.41274607,1.0,0.0,0.0,1.0,0.0
0.46206596,0.35269478,0.6763669,0.49869153,0.28051057,1.0,1.0,1.0,1.0,0.0
0.49382585,0.38873065,0.63164264,0.65751356,0.42334342,1.0,0.0,1.0,1.0,1.0
0.5052544,0.4436616,0.52393985,0.44174626,0.5116207,1.0,0.0,1.0,0.0,0.0
0.51782244,0.50452214,0.4334708,0.44496828,0.47934082,1.0,0.0,1.0,0.0,0.0
0.51649004,0.29609528,0.7647458,0.7140203,0.21137002,1.0,0.0,0.0,1.0,0.0
0.38556626,0.51380104,0.5430266,0.44974387,0.47621396,0.0,0.0,1.0,0.0,1.0
0.58374214,0.49813455,0.49989775,0.52132046,0.44439802,0.0,0.0,0.0,0.0,0.0
0.4024554,0.32974917,0.6398195,0.53796804,0.30794126,0.0,0.0,0.0,1.0,1.0
0.45055357,0.52809197,0.429463,0.26114735,0.42661676,1.0,1.0,0.0,0.0,1.0
0.45330834,0.5462309,0.4900332,0.3524711,0.44177517,0.0,1.0,1.0,0.0,1.0
0.4785999,0.46533623,0.5442536,0.49373552,0.4615403,1.0,1.0,0.0,1.0,0.0
0.34090996,0.5021045,0.46671766,0.34232318,0.506198,1.0,0.0,0.0,1.0,1.0
0.39379698,0.36189586,0.61809534,0.3333825,0.2887864,1.0,1.0,0.0,0.0,1.0
0.5071141,0.54444516,0.45561895,0.5652651,0.43719122,1.0,1.0,0.0,0.0,0.0
0.39523408,0.4382816,0.5464972,0.32763895,0.35184258,1.0,0.0,1.0,0.0,1.0
0.42372373,0.30179608,0.74055874,0.61712605,0.251161,0.0,0.0,0.0,1.0,1.0
0.5230569,0.5448002,0.41563302,0.275396,0.53269017,0.0,1.0,1.0,0.0,1.0
0.39947042,0.55447745,0.47130844,0.24246171,0.44862494,1.0,0.0,0.0,0.0,0.0
0.4437559,0.30889696,0.6611665,0.5489229,0.3584645,0.0,0.0,1.0,0.0,1.0
0.2999409,0.46072632,0.5422908,0.49879223,0.4173907,0.0,1.0,1.0,0.0,0.0
0.45128673,0.51336944,0.4701404,0.48655856,0.47390363,1.0,0.0,0.0,0.0,1.0
0.44882676,0.37095305,0.69079643,0.67121446,0.33152413,1.0,0.0,1.0,0.0,0.0
0.56756735,0.4071074,0.5899254,0.44857112,0.34286663,0.0,1.0,0.0,0.0,0.0
0.44009575,0.3127917,0.6603188,0.51005656,0.30169648,1.0,1.0,1.0,0.0,1.0
0.374861,0.2439856,0.7867278,0.61221695,0.2872146,1.0,0.0,0.0,1.0,1.0
0.5001936,0.5763151,0.40679756,0.4377699,0.59333724,1.0,1.0,0.0,1.0,1.0
0.3863161,0.2912557,0.6894437,0.510693,0.3424011,0.0,0.0,0.0,1.0,0.0
0.4624132,0.36237976,0.6409802,0.6217234,0.31269354,1.0,1.0,1.0,1.0,0.0
0.48697087,0.45828754,0.5066852,0.47119355,0.3835184,1.0,0.0,0.0,0.0,0.0
0.36597767,0.43090263,0.53965664,0.27209565,0.3547876,1.0,0.0,0.0,0.0,0.0
0.4556622,0.5220081,0.5110657,0.4798161,0.45606858,1.0,1.0,0.0,1.0,1.0
0.44113997,0.30896196,0.76081693,0.66411614,0.25610262,0.0,1.0,1.0,0.0,0.0
0.45117775,0.35598683,0.6804673,0.6691856,0.2809383,0.0,0.0,1.0,1.0,1.0
0.41434407,0.5572534,0.52193874,0.63448876,0.552924,1.0,1.0,1.0,1.0,1.0
0.40510723,0.43429905,0.6625851,0.45562527,0.2948216,0.0,1.0,0.0,0.0,0.0
0.317927,0.30950135,0.72452766,0.46021163,0.26511756,1.0,1.0,0.0,1.0,0.0
0.42218685,0.4968761,0.5443011,0.43740913,0.3618687,0.0,1.0,0.0,1.0,1.0
0.46390632,0.5697421,0.42204303,0.4305969,0.562535,0.0,0.0,0.0,1.0,0.0
0.42044076,0.43691596,0.5721045,0.22438332,0.31654438,1.0,0.0,0.0,0.0,1.0
0.35949984,0.39479613,0.6885651,0.5965017,0.34061027,1.0,0.0,1.0,0.0,0.0
0.40364012,0.49286023,0.5118506,0.37220734,0.46126974,1.0,1.0,1.0,1.0,1.0
0.5243039,0.51180947,0.44113705,0.45807588,0.48816824,1.0,1.0,0.0,1.0,1.0
0.43377364,0.51491547,0.44678774,0.21061374,0.4522031,1.0,1.0,0.0,0.0,1.0
0.35714284,0.55225587,0.40072688,0.20369676,0.55728215,0.0,0.0,0.0,1.0,1.0
0.4493441,0.5937219,0.37801644,0.4964739,0.52439183,1.0,1.0,1.0,1.0,1.0
0.4303043,0.37070745,0.6632443,0.39891797,0.31512597,1.0,0.0,1.0,0.0,0.0
0.4795912,0.38639942,0.6526647,0.5182206,0.3226186,1.0,0.0,1.0,1.0,0.0
0.5017323,0.36845982,0.56264335,0.3596063,0.39518926,0.0,0.0,1.0,0.0,0.0
0.40113312,0.40573624,0.58486444,0.44979355,0.37460154,0.0,0.0,0.0,0.0,0.0
0.43235624,0.40982005,0.5856242,0.29943973,0.33289957,1.0,0.0,0.0,0.0,0.0
0.33326635,0.46038395,0.56357026,0.54380304,0.42140138,1.0,1.0,0.0,1.0,1.0
0.39063004,0.45556876,0.555815,0.4968887,0.44520113,0.0,0.0,1.0,1.0,0.0
0.42649338,0.40433815,0.6053481,0.48541299,0.4028501,0.0,0.0,0.0,1.0,0.0
0.4908094,0.45937645,0.573257,0.3573401,0.3159895,1.0,1.0,0.0,0.0,0.0
0.4890946,0.36932614,0.6560666,0.5940412,0.2549981,0.0,0.0,0.0,0.0,0.0
0.42178947,0.36972663,0.5696644,0.47858948,0.43827385,1.0,1.0,0.0,0.0,1.0
0.45290732,0.5014465,0.49908638,0.40128332,0.5041374,1.0,0.0,0.0,0.0,1.0
0.4215169,0.3146041,0.72461444,0.7071699,0.29210538,1.0,0.0,1.0,1.0,0.0
0.5733876,0.5624375,0.3803249,0.3950576,0.5007787,1.0,1.0,1.0,0.0,1.0
0.41696545,0.5079496,0.46266505,0.2571593,0.6310937,0.0,0.0,1.0,1.0,1.0
0.39839995,0.5221773,0.49577394,0.45602882,0.49701634,1.0,0.0,1.0,0.0,0.0
0.4515236,0.482771,0.536674,0.5787458,0.43100318,1.0,1.0,1.0,0.0,1.0
0.5001585,0.39168566,0.60613906,0.5182362,0.35500273,1.0,0.0,1.0,0.0,1.0
0.3791148,0.4010433,0.6304423,0.52651924,0.336786,1.0,0.0,0.0,1.0,0.0
0.4143359,0.4157886,0.55221534,0.26494893,0.36504233,1.0,0.0,1.0,0.0,0.0
0.52384275,0.47921243,0.4960671,0.4608081,0.43194827,0.0,0.0,1.0,1.0,0.0
0.48866242,0.32235825,0.73149955,0.7200866,0.3432604,0.0,1.0,1.0,1.0,1.0
0.4514476,0.49597585,0.49313962,0.3987966,0.4685745,1.0,1.0,0.0,0.0,0.0
0.50223356,0.42942646,0.57729155,0.4541972,0.40094897,1.0,1.0,1.0,0.0,1.0
0.43438363,0.3384713,0.66978747,0.5437831,0.34951514,0.0,0.0,1.0,0.0,0.0
0.448022,0.31262445,0.6987005,0.64587957,0.35002097,0.0,1.0,1.0,1.0,0.0
0.33852428,0.59654963,0.36391604,0.18702862,0.5504642,0.0,1.0,1.0,0.0,0.0
0.31825188,0.34379598,0.69333977,0.4686015,0.35349515,0.0,0.0,1.0,0.0,1.0
0.40064695,0.2964001,0.7260201,0.43258196,0.20142771,0.0,1.0,1.0,0.0,1.0
0.5118416,0.58824956,0.401046,0.4547664,0.5527933,1.0,0.0,1.0,0.0,1.0
0.5524913,0.3435003,0.65313554,0.5800028,0.3802406,0.0,0.0,1.0,1.0,0.0
0.44887033,0.22189948,0.7517247,0.5222255,0.21905844,1.0,0.0,0.0,1.0,0.0
0.47160724,0.29185542,0.76901203,0.75385165,0.23701806,0.0,0.0,1.0,0.0,1.0
0.38662866,0.59881645,0.44606352,0.280223,0.5407366,0.0,1.0,0.0,0.0,1.0
0.49743012,0.39087522,0.6180178,0.38692594,0.33841538,1.0,1.0,1.0,1.0,0.0
0.45121002,0.36559078,0.6434704,0.48893747,0.35360917,0.0,0.0,0.0,0.0,1.0
0.53452176,0.43353486,0.49361363,0.44243115,0.43837395,0.0,0.0,1.0,0.0,0.0
0.4743076,0.51041746,0.48326552,0.412899,0.49686027,0.0,0.0,0.0,0.0,0.0
0.55555254,0.49787423,0.5088394,0.5470981,0.45216653,1.0,1.0,1.0,1.0,1.0
0.5245442,0.37458533,0.63648087,0.48075736,0.32623318,1.0,1.0,1.0,1.0,1.0
0.31795493,0.4271087,0.58739454,0.43424907,0.45246086,0.0,0.0,0.0,0.0,0.0
0.4583002,0.48314357,0.5491081,0.597953,0.406226,1.0,0.0,1.0,1.0,0.0
0.3649368,0.44879627,0.5913845,0.51926976,0.40666866,1.0,0.0,1.0,1.0,1.0
0.4257281,0.51841265,0.5223933,0.41092017,0.45363185,0.0,0.0,1.0,0.0,1.0
0.38521174,0.4914701,0.53445566,0.45524168,0.45220685,1.0,0.0,1.0,1.0,0.0
0.50630635,0.30932796,0.64296526,0.44434434,0.40379885,0.0,0.0,1.0,1.0,1.0
0.3914334,0.40537947,0.67738754,0.4381286,0.32934844,0.0,1.0,0.0,1.0,1.0
0.4386139,0.28588444,0.6965342,0.5934482,0.30219516,1.0,0.0,1.0,1.0,0.0
0.4441568,0.36257815,0.67089045,0.5850657,0.38074398,0.0,1.0,1.0,0.0,1.0
0.3521126,0.49897617,0.51000696,0.44433248,0.5105201,1.0,0.0,1.0,0.0,0.0
0.47130963,0.49077883,0.4775467,0.47181574,0.50619256,1.0,1.0,1.0,1.0,1.0
0.488172,0.45265785,0.50159246,0.5425223,0.44914627,1.0,0.0,0.0,1.0,1.0
0.5792387,0.6053641,0.36531237,0.43690157,0.52122545,1.0,1.0,0.0,0.0,1.0
0.5391148,0.3475907,0.66719216,0.7190175,0.27860332,0.0,1.0,0.0,1.0,0.0
0.42780885,0.5587151,0.45393255,0.51625556,0.58838826,1.0,0.0,1.0,1.0,1.0
0.49846253,0.39681482,0.53572285,0.41354647,0.44442335,0.0,0.0,1.0,1.0,1.0
0.44221145,0.55779994,0.40572113,0.3868626,0.41682306,1.0,1.0,0.0,0.0,0.0
0.5081316,0.3781698,0.6595569,0.36560902,0.22007626,1.0,0.0,1.0,0.0,0.0
0.4837539,0.5874516,0.39505544,0.49796358,0.45089814,0.0,0.0,1.0,0.0,1.0
0.4440825,0.5418547,0.4517008,0.40853286,0.39754626,0.0,1.0,1.0,1.0,1.0
0.4393255,0.4154171,0.5560622,0.38513845,0.3930543,0.0,0.0,0.0,0.0,1.0
0.42594954,0.4312556,0.6158176,0.35862496,0.3248671,1.0,0.0,1.0,1.0,1.0
0.49174055,0.31407535,0.72879636,0.61368454,0.24357921,0.0,1.0,0.0,1.0,0.0
0.40390587,0.5967306,0.34874663,0.2863447,0.5899513,1.0,0.0,0.0,0.0,0.0
0.3909347,0.34700307,0.607496,0.50814974,0.40924853,1.0,1.0,0.0,1.0,1.0
0.5406626,0.35799825,0.65612197,0.55344534,0.28687346,0.0,0.0,1.0,1.0,1.0
0.3986711,0.3334182,0.69993484,0.5014223,0.35427687,0.0,1.0,1.0,0.0,1.0
0.4286527,0.45623696,0.545128,0.4486047,0.42699444,0.0,0.0,1.0,1.0,1.0
0.53229815,0.25791836,0.76220644,0.6440277,0.24526499,0.0,1.0,1.0,0.0,0.0
0.47115296,0.44547865,0.545597,0.4583626,0.4446301,1.0,0.0,0.0,1.0,1.0
0.4789346,0.4066322,0.6171062,0.5113666,0.34042963,1.0,0.0,1.0,1.0,0.0
0.5254466,0.4130932,0.53787625,0.4852426,0.4793304,1.0,1.0,1.0,0.0,0.0
0.5425823,0.56148106,0.37795568,0.39786237,0.5044136,0.0,0.0,0.0,1.0,1.0
0.47382027,0.608208,0.3616338,0.3920756,0.5658556,1.0,0.0,0.0,1.0,0.0
0.55087125,0.56466806,0.40377054,0.5301242,0.6111436,0.0,0.0,0.0,0.0,1.0
0.42669606,0.50854313,0.4753123,0.60574436,0.60059285,0.0,0.0,1.0,0.0,1.0
0.37253308,0.53242064,0.44068897,0.42747417,0.5795121,1.0,1.0,0.0,0.0,0.0
0.5680335,0.2727397,0.7965698,0.82778996,0.23926939,0.0,1.0,1.0,1.0,0.0
0.34327146,0.3954192,0.698061,0.3444614,0.24470653,0.0,0.0,0.0,1.0,1.0
0.35276818,0.29745507,0.7756519,0.5748129,0.26574937,0.0,0.0,0.0,1.0,1.0
0.5151272,0.6127849,0.345629,0.59687793,0.67033863,0.0,0.0,0.0,1.0,0.0
0.3948931,0.62655425,0.340595,0.33184838,0.5593574,1.0,0.0,1.0,0.0,1.0
0.39943805,0.43954486,0.5532363,0.50496566,0.378222,1.0,1.0,1.0,0.0,0.0
0.5035423,0.31475374,0.71874523,0.5464265,0.1982689,1.0,1.0,0.0,1.0,0.0
0.4511145,0.42451805,0.60633767,0.63452595,0.3928163,0.0,1.0,0.0,1.0,1.0
0.44118673,0.3841756,0.67063105,0.6350142,0.37416264,0.0,1.0,0.0,1.0,1.0
0.5095801,0.27028114,0.75916785,0.52692974,0.17482595,0.0,0.0,0.0,1.0,0.0
0.34624866,0.38173193,0.6178106,0.43472353,0.37746015,0.0,1.0,0.0,1.0,1.0
0.50570995,0.36668587,0.6143738,0.3771261,0.26819965,1.0,0.0,1.0,0.0,1.0
0.43396753,0.44156066,0.55415726,0.43690416,0.36607024,1.0,1.0,1.0,1.0,0.0
0.3820416,0.35118157,0.71383387,0.5354328,0.2712466,1.0,1.0,1.0,1.0,1.0
0.50200456,0.46433854,0.53907317,0.47167173,0.42578796,0.0,1.0,1.0,1.0,0.0
0.37384716,0.4310049,0.54343176,0.49216455,0.43048397,0.0,0.0,1.0,0.0,0.0
0.44727376,0.35615957,0.65520215,0.5261736,0.27000958,0.0,0.0,1.0,0.0,0.0
0.4106778,0.5096118,0.5292175,0.52262276,0.3853266,0.0,0.0,1.0,0.0,1.0
0.54928535,0.62283814,0.36154935,0.34807387,0.5559996,1.0,1.0,0.0,0.0,0.0
0.45557767,0.36405116,0.5449961,0.44883832,0.4518176,0.0,1.0,1.0,1.0,1.0
0.4352285,0.40617773,0.60018283,0.51595306,0.32766485,1.0,0.0,0.0,0.0,0.0
0.43390763,0.57004744,0.3608515,0.22887027,0.5729932,0.0,1.0,1.0,0.0,1.0
0.50591993,0.2888602,0.76401204,0.7726197,0.25358853,0.0,0.0,1.0,1.0,1.0
0.46621683,0.49372262,0.46842796,0.36883602,0.39150527,1.0,0.0,1.0,1.0,1.0
0.55826306,0.39011544,0.58987325,0.6678372,0.44886163,0.0,1.0,1.0,1.0,1.0
0.53392494,0.4786699,0.54702634,0.42244616,0.32189953,0.0,1.0,0.0,1.0,0.0
0.46012717,0.57045037,0.36407927,0.39660665,0.6043697,0.0,1.0,1.0,0.0,1.0
0.46617416,0.62343824,0.37227917,0.20343421,0.51185834,1.0,0.0,1.0,1.0,0.0
0.55357355,0.40204564,0.5338459,0.49081492,0.44788277,0.0,0.0,0.0,1.0,1.0
0.47009814,0.5296358,0.4118102,0.4876263,0.58461016,1.0,0.0,1.0,0.0,0.0
0.5401797,0.38878143,0.5779808,0.41351053,0.29487026,1.0,1.0,1.0,1.0,1.0
0.48398533,0.56233686,0.37679708,0.32834655,0.5211386,0.0,0.0,0.0,0.0,0.0
0.42780504,0.48549634,0.5920973,0.3719369,0.30811432,0.0,1.0,1.0,0.0,1.0
0.41093513,0.5027396,0.48648575,0.27634174,0.545168,1.0,1.0,1.0,0.0,1.0
0.4698021,0.6002513,0.4184659,0.5083992,0.5268899,1.0,0.0,0.0,0.0,1.0
0.37566167,0.5152894,0.46881175,0.3566972,0.42769927,1.0,1.0,0.0,1.0,0.0
0.423879,0.31688002,0.76421136,0.6921973,0.23927821,1.0,1.0,1.0,0.0,1.0
0.5128036,0.4456958,0.57896864,0.7013149,0.45956907,1.0,0.0,0.0,1.0,0.0
0.45011076,0.51263,0.4463417,0.32248247,0.5771583,0.0,0.0,0.0,0.0,1.0
0.4585792,0.39417565,0.57634073,0.53961486,0.4371542,0.0,0.0,0.0,0.0,1.0
0.40999004,0.4567469,0.56730205,0.2693993,0.41397455,0.0,0.0,1.0,0.0,1.0
0.5053038,0.5619383,0.3967815,0.20797767,0.48906904,1.0,0.0,1.0,0.0,0.0
0.40198094,0.35740426,0.6942089,0.65049076,0.34655318,1.0,0.0,0.0,1.0,1.0
0.45567852,0.48806566,0.47922745,0.3384009,0.45210776,1.0,1.0,0.0,0.0,1.0
0.4714602,0.50708145,0.5482774,0.51706,0.4345442,1.0,0.0,1.0,0.0,0.0
0.4592163,0.3744283,0.67437935,0.6236963,0.2974523,0.0,1.0,0.0,1.0,1.0
0.43958384,0.3876086,0.5842375,0.32955316,0.30249324,1.0,0.0,1.0,0.0,0.0
0.37016457,0.5337147,0.51247054,0.5095406,0.5662678,1.0,1.0,1.0,1.0,1.0
0.41675052,0.44810513,0.55936754,0.44338432,0.42914692,1.0,0.0,0.0,1.0,1.0
0.4006371,0.43103874,0.57282823,0.49796247,0.43802756,0.0,0.0,1.0,0.0,1.0
0.5113378,0.45214626,0.6004275,0.6386235,0.41847327,0.0,0.0,1.0,0.0,0.0
0.43708092,0.41278815,0.54085547,0.5549189,0.557087,0.0,0.0,0.0,1.0,0.0
0.47714186,0.46882454,0.538727,0.49103487,0.44204155,0.0,0.0,0.0,1.0,1.0
0.48289797,0.33594427,0.68814945,0.5625266,0.28507292,1.0,1.0,0.0,0.0,0.0
0.59246784,0.4762025,0.5311859,0.6294761,0.50504506,1.0,1.0,1.0,1.0,1.0
0.47462985,0.6349039,0.35488203,0.5024646,0.55366826,0.0,0.0,0.0,1.0,0.0
0.47221145,0.3918282,0.65807974,0.6282907,0.39258733,1.0,0.0,0.0,1.0,1.0
0.48776162,0.3450479,0.7035737,0.62366873,0.26385808,0.0,0.0,0.0,1.0,1.0
0.50506455,0.3004284,0.7390618,0.6947565,0.27459434,0.0,1.0,1.0,0.0,0.0
0.45161676,0.36414772,0.6445176,0.62419826,0.3415552,1.0,0.0,0.0,0.0,1.0
0.40357348,0.34597552,0.6707608,0.5326206,0.31251585,0.0,1.0,0.0,1.0,1.0
0.44825014,0.47085366,0.54722023,0.4177889,0.3276513,1.0,0.0,0.0,0.0,1.0
0.48272356,0.4765307,0.5353246,0.6591629,0.53056425,1.0,0.0,0.0,0.0,0.0
0.436131,0.53527087,0.50432414,0.24049257,0.4329944,1.0,0.0,0.0,0.0,0.0
0.516315,0.4984398,0.52200854,0.5089281,0.5093106,1.0,0.0,0.0,1.0,0.0
0.45781928,0.55717456,0.36115754,0.4871465,0.57425094,1.0,1.0,1.0,0.0,0.0
0.42221305,0.5847503,0.3466841,0.27495864,0.549201,0.0,0.0,1.0,0.0,1.0
0.4162138,0.57604486,0.44416314,0.34413338,0.47380963,0.0,0.0,0.0,0.0,1.0
0.41837963,0.46335056,0.5665862,0.45328322,0.4079198,1.0,0.0,1.0,0.0,1.0
0.43178728,0.3919523,0.61800313,0.5689844,0.4175284,0.0,1.0,1.0,0.0,1.0
0.41570687,0.4935905,0.4669309,0.48725304,0.5179885,1.0,1.0,0.0,1.0,1.0
0.5446149,0.63367957,0.32092267,0.53862286,0.67181766,0.0,1.0,1.0,1.0,0.0
0.4614442,0.40323836,0.5839088,0.47967818,0.40352663,1.0,1.0,0.0,1.0,1.0
0.47896203,0.33783436,0.72767514,0.50685567,0.22648045,0.0,1.0,1.0,1.0,0.0
0.4226734,0.6140353,0.32375804,0.27669242,0.5941491,0.0,0.0,1.0,0.0,0.0
0.50547487,0.43512428,0.5062656,0.50577176,0.5393775,1.0,1.0,0.0,1.0,1.0
0.43844038,0.42329022,0.5352375,0.4525454,0.45018795,1.0,1.0,0.0,0.0,1.0
0.42244932,0.4350686,0.56979257,0.36746955,0.32986602,1.0,0.0,0.0,1.0,1.0
0.5230977,0.44210246,0.68255424,0.7335697,0.3531453,1.0,0.0,0.0,0.0,0.0
0.53271383,0.46654665,0.5547239,0.5432646,0.38834688,0.0,0.0,0.0,0.0,0.0
0.4914133,0.4822815,0.5131092,0.3575955,0.34658244,1.0,1.0,1.0,1.0,0.0
0.40943342,0.4769009,0.51904553,0.3793274,0.4738805,1.0,0.0,0.0,0.0,1.0
0.46829242,0.4655002,0.58087754,0.50330293,0.39483294,0.0,1.0,1.0,1.0,1.0
0.56642723,0.23201048,0.78078413,0.72297436,0.2014653,0.0,0.0,1.0,0.0,0.0
0.47560275,0.559623,0.43643332,0.40911305,0.4320772,0.0,0.0,0.0,1.0,0.0
0.39385393,0.34094533,0.6283594,0.52593243,0.31958276,0.0,1.0,1.0,1.0,1.0
0.43020797,0.47283462,0.5377465,0.39288512,0.38343513,1.0,0.0,0.0,0.0,1.0
0.45606074,0.55485344,0.4333222,0.3343174,0.43653944,1.0,1.0,1.0,1.0,0.0
0.4611387,0.4915825,0.49893025,0.33852202,0.48743635,0.0,0.0,0.0,1.0,0.0
0.42217165,0.3862275,0.6352057,0.56308705,0.39609995,1.0,0.0,1.0,0.0,1.0
0.51105595,0.44946072,0.54618186,0.514205,0.3685047,1.0,0.0,0.0,0.0,1.0
0.36898792,0.27695194,0.7560492,0.679113,0.34842002,1.0,0.0,1.0,1.0,0.0
0.44267845,0.4547615,0.5380286,0.37412137,0.36600336,0.0,0.0,1.0,0.0,1.0
0.5104882,0.41447222,0.5895863,0.5122594,0.33553475,0.0,0.0,1.0,1.0,1.0
0.49339426,0.4479685,0.4915444,0.43582183,0.4955298,1.0,0.0,1.0,0.0,1.0
0.46066672,0.51240337,0.45213893,0.33435556,0.44544396,0.0,1.0,0.0,1.0,0.0
0.37769148,0.5051776,0.54974794,0.4678483,0.45057988,1.0,1.0,0.0,0.0,1.0
0.5123423,0.52948594,0.38830662,0.3928989,0.5594076,0.0,0.0,0.0,0.0,1.0
0.49991181,0.49131155,0.43975735,0.25277796,0.4653747,0.0,0.0,0.0,0.0,1.0
0.48383123,0.5496903,0.43112686,0.2887652,0.48649782,0.0,0.0,1.0,1.0,0.0
0.31603897,0.39943266,0.6595422,0.53978896,0.3419359,1.0,1.0,1.0,0.0,0.0
0.4217234,0.4797417,0.5239314,0.44676405,0.4341526,1.0,0.0,0.0,0.0,1.0
0.46889782,0.23829366,0.7085246,0.5731678,0.3086937,0.0,0.0,0.0,1.0,0.0
0.29371712,0.28524518,0.7606027,0.57825685,0.21799871,0.0,0.0,1.0,1.0,1.0
0.38770872,0.36638126,0.71297777,0.5559864,0.2809045,0.0,0.0,1.0,0.0,1.0
0.336922,0.4465421,0.49097258,0.26833716,0.4523937,0.0,1.0,0.0,0.0,1.0
0.53582513,0.47614217,0.4909225,0.5750955,0.5253239,1.0,0.0,1.0,1.0,0.0
0.41085452,0.4316768,0.5695541,0.492747,0.4036459,1.0,0.0,1.0,1.0,0.0
0.48138803,0.3126224,0.7615278,0.59590906,0.22296946,0.0,0.0,1.0,0.0,0.0
0.45266438,0.31906798,0.6968854,0.64300704,0.3340688,0.0,1.0,0.0,1.0,0.0
0.4846075,0.42955995,0.5677472,0.645217,0.44797567,0.0,1.0,0.0,1.0,0.0
0.38209903,0.29018348,0.75005233,0.6867232,0.28793645,0.0,0.0,0.0,0.0,1.0
0.46457148,0.68842244,0.24141262,0.42977878,0.6312853,0.0,0.0,1.0,1.0,0.0
0.51639926,0.5445512,0.50444764,0.44756132,0.40137607,0.0,1.0,0.0,1.0,0.0
0.37934273,0.52496934,0.55945164,0.53119016,0.4369814,0.0,1.0,0.0,0.0,1.0
0.51273173,0.30018982,0.70904225,0.7450516,0.37603357,1.0,0.0,1.0,1.0,1.0
0.48170912,0.4816777,0.5070738,0.5727598,0.526498,1.0,1.0,0.0,1.0,0.0
0.48736995,0.4666677,0.51262796,0.49951196,0.43377337,1.0,0.0,0.0,1.0,1.0
0.48016348,0.43551412,0.57697505,0.43729022,0.36303973,1.0,1.0,1.0,0.0,1.0
0.4155003,0.42890328,0.6635454,0.5972705,0.35663152,1.0,1.0,1.0,1.0,1.0
0.49608552,0.42589658,0.62763697,0.64149106,0.3333531,0.0,1.0,0.0,0.0,0.0
0.39475074,0.49476114,0.52727485,0.5132569,0.4936249,0.0,1.0,1.0,0.0,1.0
0.35478032,0.40004227,0.6845959,0.77078027,0.44588816,0.0,1.0,1.0,0.0,0.0
0.4607767,0.28876302,0.7213965,0.6748159,0.36354443,1.0,1.0,0.0,1.0,1.0
0.5335181,0.30679825,0.6485501,0.48520672,0.3922882,0.0,0.0,1.0,0.0,0.0
0.44868076,0.33730662,0.727634,0.5229127,0.2402307,0.0,1.0,0.0,0.0,0.0
0.4207659,0.4053366,0.6115928,0.4324923,0.35794774,1.0,0.0,1.0,1.0,0.0
0.5081029,0.3946524,0.6807975,0.6281141,0.24554917,1.0,1.0,0.0,1.0,1.0
0.421186,0.28859407,0.745061,0.5351394,0.26322865,1.0,1.0,0.0,0.0,1.0
0.33071464,0.49197426,0.45757893,0.18839273,0.47117883,1.0,0.0,0.0,1.0,0.0
0.43626943,0.37179533,0.6864291,0.562903,0.36813304,0.0,1.0,0.0,1.0,1.0
0.49262467,0.40064418,0.56615466,0.60655594,0.45683017,1.0,1.0,0.0,0.0,1.0
0.41300568,0.43403637,0.5283506,0.44519925,0.4246796,1.0,0.0,0.0,0.0,0.0
0.3975544,0.36911598,0.7032649,0.7144739,0.3574723,1.0,0.0,1.0,1.0,0.0
0.49184182,0.33957186,0.6021869,0.5228572,0.3429728,1.0,0.0,0.0,1.0,1.0
0.341363,0.60191125,0.44434604,0.25765708,0.4992039,1.0,0.0,0.0,1.0,0.0
0.5152073,0.5722763,0.39374876,0.33629897,0.56575847,1.0,0.0,1.0,0.0,1.0
0.4234384,0.49852693,0.50097466,0.49534088,0.4424025,0.0,1.0,1.0,1.0,1.0
0.5159092,0.34386352,0.700111,0.6606492,0.33711138,1.0,0.0,0.0,0.0,0.0
0.3704054,0.5503797,0.37439737,0.27465805,0.5045499,0.0,1.0,0.0,1.0,1.0
0.5578592,0.4239812,0.5213324,0.6205052,0.4831956,0.0,1.0,1.0,0.0,1.0
0.5102656,0.5322254,0.45643884,0.5113678,0.49676403,0.0,0.0,0.0,1.0,1.0
0.5381698,0.5136214,0.43804374,0.57661194,0.46379972,0.0,0.0,0.0,1.0,1.0
0.46538204,0.41936028,0.5804497,0.4485269,0.34117374,1.0,0.0,0.0,1.0,1.0
0.48487568,0.36271822,0.6437704,0.48871255,0.37553725,1.0,1.0,0.0,0.0,1.0
0.39201015,0.4519994,0.5039376,0.44571567,0.4445805,0.0,0.0,1.0,0.0,0.0
0.6322327,0.3459266,0.61713624,0.6222052,0.32004493,1.0,0.0,0.0,0.0,1.0
0.51832986,0.39683613,0.5226254,0.49459627,0.40715492,1.0,0.0,0.0,1.0,0.0
0.4205574,0.38185495,0.65439117,0.4851749,0.30773473,1.0,1.0,1.0,0.0,0.0
0.5109659,0.40259755,0.6543389,0.5752957,0.33763686,0.0,1.0,1.0,0.0,0.0
0.4745509,0.51816934,0.5029342,0.5425964,0.52250755,1.0,1.0,1.0,0.0,0.0
0.44584298,0.40596426,0.5553901,0.47070706,0.41268855,1.0,0.0,1.0,0.0,0.0
0.47664678,0.48812377,0.45881388,0.36187273,0.52833647,1.0,0.0,0.0,0.0,0.0
0.5607655,0.36789927,0.65538424,0.66734,0.4355616,1.0,1.0,1.0,1.0,1.0
0.5003886,0.39787942,0.5804696,0.5358073,0.38405243,0.0,1.0,0.0,1.0,0.0
0.47946432,0.5525815,0.36887804,0.4032275,0.5853748,1.0,1.0,1.0,1.0,1.0
0.44002432,0.65490067,0.32581696,0.2452454,0.55453616,0.0,1.0,0.0,0.0,1.0
0.4754662,0.4755112,0.5032177,0.49999964,0.4694349,0.0,0.0,0.0,0.0,1.0
0.591612,0.40132242,0.57512283,0.7012345,0.46640202,1.0,0.0,1.0,1.0,0.0
0.4097715,0.44014034,0.58574665,0.4576132,0.3295376,1.0,0.0,1.0,1.0,0.0
0.49203673,0.5381014,0.43424317,0.58241725,0.58867383,1.0,0.0,0.0,0.0,0.0
0.38367742,0.41846207,0.6178928,0.47322297,0.37993425,1.0,0.0,0.0,0.0,0.0
0.41531602,0.5127116,0.46945232,0.41679773,0.49468273,1.0,1.0,0.0,0.0,0.0
0.343974,0.39785978,0.661948,0.48407304,0.43960696,1.0,0.0,0.0,1.0,1.0
0.45448107,0.4662835,0.5458561,0.5347148,0.3880973,0.0,1.0,0.0,1.0,1.0
0.50003093,0.45263693,0.52635837,0.5226927,0.4421431,1.0,1.0,1.0,0.0,1.0
0.38632187,0.5805411,0.40876147,0.26953825,0.51715046,1.0,0.0,1.0,0.0,0.0
0.5150483,0.31793946,0.68283606,0.6083488,0.3441216,1.0,1.0,1.0,0.0,0.0
0.4833055,0.3763799,0.6026827,0.57675856,0.3586002,1.0,0.0,0.0,1.0,1.0
0.29960915,0.29651237,0.7655507,0.42349142,0.26194414,0.0,1.0,0.0,0.0,0.0
0.5737415,0.55778754,0.38355276,0.41694912,0.5599107,1.0,0.0,1.0,0.0,1.0
0.35330936,0.3855027,0.6590825,0.28640613,0.29664153,1.0,1.0,1.0,0.0,1.0
0.38692698,0.4692096,0.5475243,0.59703964,0.507871,1.0,1.0,1.0,1.0,1.0
0.45273793,0.39141786,0.5520523,0.41710943,0.45442653,0.0,0.0,1.0,1.0,1.0
0.4535607,0.25684392,0.7730133,0.7276748,0.24242206,0.0,0.0,0.0,0.0,1.0
0.33804515,0.34882197,0.71087223,0.5561392,0.2700012,0.0,1.0,1.0,0.0,1.0
0.44797084,0.5059049,0.5457902,0.4006711,0.4138775,0.0,1.0,0.0,0.0,1.0
0.34459004,0.55923104,0.4112379,0.4537809,0.5214503,1.0,1.0,0.0,1.0,0.0
0.4182414,0.43289474,0.56156117,0.6103806,0.49866563,0.0,1.0,0.0,0.0,1.0
0.49875385,0.6096912,0.30802137,0.45660007,0.61177224,0.0,1.0,1.0,0.0,1.0
0.50143665,0.51338154,0.46472862,0.3930869,0.4590678,0.0,0.0,1.0,0.0,1.0
0.5307738,0.43977797,0.5434222,0.37994927,0.42444652,1.0,0.0,1.0,1.0,0.0
0.38287622,0.3817683,0.6896921,0.6684386,0.3419419,1.0,0.0,1.0,1.0,0.0
0.49984545,0.52755094,0.48356155,0.31803668,0.46636045,0.0,0.0,0.0,0.0,1.0
0.40404397,0.55186874,0.48171034,0.29529268,0.43578792,1.0,0.0,1.0,0.0,0.0
0.42610174,0.31551468,0.677216,0.28528574,0.41950738,0.0,1.0,0.0,0.0,1.0
0.47216246,0.68196315,0.28149566,0.25409538,0.6247841,1.0,1.0,0.0,1.0,1.0
0.35620257,0.28880048,0.74779075,0.56777424,0.22005977,0.0,0.0,1.0,1.0,0.0
0.4465191,0.4674945,0.51813483,0.2906681,0.3754106,1.0,0.0,0.0,0.0,1.0
0.49382266,0.42492905,0.58141685,0.3999373,0.3697123,1.0,1.0,0.0,0.0,0.0
0.29626673,0.4243994,0.52928066,0.24076414,0.3750797,1.0,0.0,0.0,0.0,1.0
0.52500385,0.4207449,0.5587015,0.54734635,0.40331185,0.0,0.0,0.0,1.0,1.0
0.53677154,0.29619378,0.70815337,0.5533378,0.25282016,0.0,1.0,1.0,0.0,1.0
0.5120084,0.4398704,0.61245465,0.5065097,0.326415,1.0,1.0,0.0,1.0,1.0
0.4631665,0.44694582,0.5346706,0.55386084,0.48275203,1.0,0.0,1.0,0.0,0.0
0.50382537,0.47976482,0.5037007,0.37602744,0.472518,0.0,1.0,0.0,0.0,0.0
0.30066654,0.5102458,0.50117826,0.2877393,0.48948643,0.0,1.0,1.0,0.0,1.0
0.49355438,0.34664866,0.6490665,0.43500474,0.30722067,1.0,0.0,1.0,0.0,1.0
0.5037211,0.5681284,0.36669746,0.40669763,0.63226837,1.0,1.0,0.0,0.0,1.0
0.56107587,0.45368695,0.5048992,0.59796536,0.44451812,1.0,0.0,1.0,1.0,0.0
